Profile ID,Condition,Input Tokens,Output Tokens,AI Diagnosis (Shown),Problem Formulation (Simulated Response),Response Word Count
P001,single,2554,599,"**CAUSE:** Your core problem is that you pay before you can judge what you are buying. In your own words, ""When I buy from the supplier I cannot see inside properly, so sometimes I pay 500,000 for a bale and half of it is torn or old-fashioned."" Your selling side works fine — good bales bring 300,000 to 400,000 profit. The loss is entirely on the buying side, where you commit money blind.

**PREDICTION:** If this is correct, you should see that your profit swings wildly from bale to bale even when you sell to the same customers at the same prices — good bales always sell, bad ones just weren't worth what you paid at purchase.

**NEXT STEP:** Your priority should be reducing what you pay blindly — insist on opening or partially inspecting bales before paying, buy from suppliers who allow this, or negotiate a price adjustment when a bale is graded. Track each supplier's average bale quality","This analysis is correct that my problem is on the buying side, not the selling. When I get a good bale, my ladies' dresses and children's wear finish fast — the women here trust me for quality. But the truth is no supplier in Owino will let you open a bale before paying; that is just not how it works, so telling me to ""inspect before paying"" is easier said than done. What I can do is start writing down which suppliers gave me good bales and which ones cheated me, because right now I keep everything in my head and I forget. If I keep records for a few months, I will know which importer to save for and stop wasting my 500,000 on the ones who pack rubbish in the middle.",133
P004,integrated,13502,2466,"**CAUSE:** All three readings point to one root: you sell the exact same plastics as everyone in Kikuubo, so you compete only on price. The timing gap is real, but it exists *because* your goods are interchangeable — customers delay paying you knowing you can't push back, and they'd just walk to the next wholesaler. And on a 5-10% margin, that weak position means one late payment or price war wipes out your buffer. Your cash trouble is a symptom; being easily replaced is the disease.

**PREDICTION:** If this is correct, you'll notice the customers who delay most are the ones who also buy from other wholesalers, and pressing them to pay makes them threaten to leave.

**NEXT STEP:** Your priority should be finding goods or brands the container importers don't carry — something that makes you harder to replace. Once customers need *you* specifically, you can enforce a firm 7-day credit rule without losing them, and","Eh, this advice has forced me to think differently. Before, I was seeing my problem as only cash flow, but now I see the reason my customers from Masaka and Mbarara delay is because they know if I complain, they just cross to another wholesaler down the street selling the same basins and jerrycans. So the real headache is that my goods are no different from the next man's in Kikuubo. 

What I would do is start looking for something unique — maybe a brand of jerrycan or plastic plate that the usual importers don't bring, so retailers must come to me specifically. That way I can finally put my foot down on this 7-day credit and actually save my reserve for those good import deals, because right now even my saving plan is being eaten by these delays.",139
P007,competing,3437,835,"**CAUSE:** Your money is stuck because you buy stock by guessing instead of tracking what sells. You bought many pairs in sizes and styles customers aren't asking for, while fast-moving sizes run out quickly. **PREDICTION:** If asked which three sizes sell fastest, you couldn't answer with numbers, only feelings. **NEXT STEP:** Start a notebook recording every sale by type, size, and style, then buy only what it shows selling fastest.

---

**CAUSE:** Your stuck stock is about taste, not sizes. The arcade shops look fancy, so customers now want that look — your plainer styles no longer match what women in Mbale want to wear. **PREDICTION:** The slow shoes will be your older, plainer designs, and customers will ask for something ""like the arcade ones"" before leaving. **NEXT STEP:** Walk the arcades, see which styles pull customers, and buy to match — clearing old stock cheaply to fund it.

---

**CAUSE:** Your sales come in sharp bursts — school opening and festive seasons — but you bought a whole year's stock at once. That froze your cash in pairs for a season that hasn't arrived. **PREDICTION:** Your stuck shoes will sell fine once the next rush comes, and cash bites hardest in the quiet weeks. **NEXT STEP:** Buy smaller batches timed just before each season, holding cash back to restock fast sizes.","Eh, when I read these three, the first one really touched me because it's true — I buy the way my heart tells me, not the way my sales tell me. I cannot sit here and tell you honestly which three sizes finish fastest; I only know in my head that ""this one moves,"" but I don't have it written down anywhere. The second one about the arcade styles, yes there is some truth, but my customers are ordinary mothers buying for children, they don't chase fashion like that so much. So the biggest problem is I have been guessing, and my guessing put my money to sleep on the shelf.

What I will do: I will start the notebook this week — every pair I sell, I write the type and size — and at the same time push out the slow shoes even at cost to get my capital back. That way when school opening comes, I already know which sizes to stock heavy instead of running out again.",171
P013,single,14979,2996,"**CAUSE:** The real problem is that customers risk nothing when they order. When someone says ""buy or reserve an item"" and you ""hold it"" and even ""pay a boda to go deliver,"" they've spent zero money — so changing their mind or going quiet costs them nothing while it costs you delivery fees and lost sales to other buyers you turned away. Without any money down, an order from them is just a casual message, not a real promise.

**PREDICTION:** If this is correct, you should see that the customers who cancel or ghost are almost always the ones who paid nothing upfront, while the few who send mobile money before delivery rarely back out.

**NEXT STEP:** Your priority should be to require a mobile money deposit before you reserve or dispatch anything — even a small partial payment that covers the boda fee. Once a customer has put real money in, backing out costs them something, and only serious buyers will place orders.","Honestly, reading that made things click for me. The main problem is exactly what they said — my customers put down nothing, so an order is just talk. When someone DMs me ""reserve that red dress for me,"" I take it serious, hold it, turn away other buyers, even pay boda... but for them it's like they never promised anything.

So my next step is clear: no more reserving or sending boda until I see mobile money hit my phone. I'll start with at least the boda fee upfront, maybe a small deposit on the item too, so even if they change their mind I'm not losing my delivery cost. The ones who are serious won't mind — it's only the time-wasters who complain about paying small. I'll post it clearly on my page so nobody says I didn't warn them.",141
P015,integrated,2838,661,"**CAUSE:** All three readings spot a real piece, but the deepest one is this: you are letting a slow, leaky business quietly drain a fast, healthy one. Credit to neighbours isn't a bad habit to crush — it's what keeps them loyal instead of walking to the supermarket. But because your goods and mobile money run from one pot, every unpaid balance pulls cash out of your float, so thin margins and no repayment rules turn a useful service into a hole in your best earner.

**PREDICTION:** If this is correct, you'll see that on days when many people buy goods on credit, your mobile money float runs low and you turn paying customers away — losing commission you'd otherwise earn.

**NEXT STEP:** Your priority should be to physically separate the two into different pots so credit can never touch your float, then set a simple per-person credit limit and payday so the goods side stops leaking while your neighbours keep shopping.

","Eh, this thing about my two pots being one — it hit me hard, because it's true. I never sat down to think that when Mama Grace and the others take soap and sugar on credit, that same money is what I would have used to buy float, and then when a customer wants to send 50,000 shillings I have nothing and I lose that commission. So for me the biggest problem is that my mobile money, which is actually paying me well, is being pulled down by the credit book on the shop side.

What I will do first is exactly separate the float completely — keep it in its own place so no matter how bad the credit book looks, the mobile money keeps running. Then slowly I bring in the per-person limit and tell people a day to clear, maybe end of month when people have gotten paid. That way I don't chase away my neighbours, because they are my daily customers, but I stop the bleeding.",170
P018,competing,3498,746,"**CAUSE:** You have no trusted supplier in Kampala, so every restock forces you to travel in person. Between transport, lodging, and time away from the shop, each trip is costly and slow. **PREDICTION:** Nearly every restocking trip involves you going yourself, because there's no one you trust to pick and send the right items. **NEXT STEP:** Find one reliable Kampala supplier and test them with a small trial order of chargers and earphones sent by bus.

---

**CAUSE:** Your real pain is guessing wrong about demand, not how goods arrive. You don't yet know exactly what sells fast, in what quantity, and in which season, so every restock is partly a guess. **PREDICTION:** Some radios, older phones, or off-season speakers sit unsold for weeks while chargers, earphones and lamps run out too fast. **NEXT STEP:** Keep a simple daily sales record for one month so your next buying list uses real numbers, not memory.

---

**CAUSE:** Your product mix forces frequent trips: phones give small margins, change models constantly, and can't compete with bigger shops. Accessories, lamps, radios and festive speakers give better margins and steady village demand. **PREDICTION:** Most painful, urgent trips are driven by phones, while accessories and lamps stay stable and profitable. **NEXT STEP:** Shift toward stable high-margin goods and shrink phone stock to a few steady sellers, so you restock less.","All three make sense, but honestly the second one hit me hardest. The transport is my complaint, yes, but the real reason those trips hurt is because sometimes I come back with the wrong things — like radios that just sit there while my chargers and earphones finish in a week. If I keep a proper record for one month, I will actually know my numbers instead of guessing from my head. So I will start writing down every sale daily now, and at the same time I will test one Kampala supplier with a small order by bus, because those two together will fix most of my problem.",109
P022,single,19797,4062,"**CAUSE:** Your whole product mix — exercise books, pens, reams for students — moves with the three school terms, so when term starts and ""sales crash,"" you have no other income coming in. Meanwhile rent and staff are fixed costs that keep demanding money every single day, whether students are buying or not. That is why you feel like you're ""either drowning or starving, never balanced"" — your income is seasonal but your costs are not.

**PREDICTION:** If this is the real problem, you should see that during the two slow months almost every shilling that comes in gets swallowed by rent and staff wages, leaving nothing extra — even though those same fixed costs feel easy to cover during the term-opening rush.

**NEXT STEP:** Your priority should be building a steady, non-school stream of income — like office supplies and printing paper for businesses and offices that buy all year round — so those two dead months still bring in enough to pay rent and staff without draining your cap","Eh, this thing has put its finger exactly where it pains me. The biggest problem is that my money comes in three big waves during term openings, but rent for my store here in Kikuubo and my two workers' salaries don't take a holiday - they come every single month whether students are buying or not. So my next move is to seriously push into office supplies and printing paper, because offices and businesses around town, they buy printing paper the whole year, not just when schools open.

The reason I want to start with the office side is because it will help me cover those two dead months without me eating into the capital I need for the next term rush. But I must be honest, I also still need that borrowing before term opening, because even now I keep missing sales when my stock runs out during the peak - that is money just walking out of my door to competitors.",163
P026,integrated,5971,961,"**CAUSE:** All three point to real problems, but they sit at different levels. The supplier likely does slip weaker bales to a small, single-bale buyer like you, and yes, some items in any bale need smarter sorting and pricing. But the deepest issue is the one you named yourself: twenty stalls in your row open the same bales for the same young women, and ""the prices keep going down as we compete."" Even a clean, well-sorted bale earns little when everyone beside you sells the exact same thing at falling prices.

**PREDICTION:** If this is correct, you will notice that even when you open a genuinely good bale, you still barely clear eighty thousand, because you must match your neighbors' low prices.

**NEXT STEP:** Your priority should be to stop competing on identical stock — pick one niche your neighbors ignore (children's wear, larger sizes, or rural resale of the ""old-fashioned"" pieces), and buy graded","You know, when I first read this I wanted to argue, because in my head the bale is the whole problem. But the more I think about it, this thing about all of us in the row selling the same clothes to the same girls... that is true and I have felt it in my pocket. Even when I open a good bale, by the time I price it my neighbor is shouting a lower price and I have to follow her down.

So maybe my next step is to stop fighting over the same customers. I am thinking of the larger sizes — the bigger women always struggle to find nice things and everyone here just piles up the small trendy pieces. If I focus there and even take those ""old-fashioned"" ones to sell to people going back to the village, I stop losing money on clothes I now throw aside. Let me try one bale like that first before I change everything, because three hundred thousand is not small money to gamble.",174
P031,competing,4838,860,"**CAUSE:** You have nothing to offer buyers except credit. Your stock matches every other Kikuubo wholesaler and prices are almost the same, so lending is the only reason customers pick you. **PREDICTION:** Whenever you ask for upfront payment, customers won't negotiate — they'll simply walk to another wholesaler. **NEXT STEP:** Use your imported goods to stock items others don't carry, so buyers need your products, not just your credit.

---

**CAUSE:** The problem isn't credit itself — it's that you give it to everyone the same way, without knowing who actually pays. Some buyers pay reliably, but treating them all alike lets the bad ones push you into high-interest borrowing. **PREDICTION:** Your new debt book will show the same handful of names delaying repeatedly, while others clear on time. **NEXT STEP:** Give full credit only to proven payers and demand half-upfront strictly from repeat late-payers.

---

**CAUSE:** This is a money-math problem, not a customer problem. Your small per-item margin survives on volume, but it can't absorb high-interest loans while cash sits frozen in credit for months. **PREDICTION:** Even customers who fully pay leave you almost no profit, because loan interest cancels your margin. **NEXT STEP:** Calculate your interest cost per month of delay, then offer credit only on fatter-margin imported goods and demand cash for low-margin local items.","Eh, these three people are all seeing something, but let me tell you the truth of it. That second one touched my heart the most — it is true that I treat everybody the same, and when I look at my book, it is the same names from Masaka and one fellow going to Congo who always delay, while some of my Mbarara customers clear within two weeks like clockwork. So my real problem is that I have been rewarding the bad payers and punishing nobody, and that is what forces me into these expensive loans. What I will do next is separate my customers in the book — the ones who pay clean, I keep giving them credit because they are my backbone, but the ones who always drag me, from now they must bring half upfront or wait. And that third fellow's point about interest eating my margin, that one I must also sit down with my son who knows figures, because if the loan is killing my profit even on good sales, then I am just working for the bank, not for myself.",186
P036,single,9983,2169,"**CAUSE:** You told me that when you go to Kampala you ""buy what I think will sell,"" and that you ""can't tell if I'm choosing wrong designs or just buying too many of each."" That is the heart of it — you are guessing at demand instead of reading what your own stall actually sells. Without a record of which designs, sizes and colours move fast, you keep repeating buying mistakes and your capital stays trapped in shoes that sit for months.

**PREDICTION:** If this is the problem, you should see that you cannot name, from memory, exactly which designs and sizes sold out last month versus which ones are still sitting — you only have a rough feeling.

**NEXT STEP:** Your priority should be to keep a simple notebook where you write down every pair sold each day — the type, size and colour — so that before your next Kampala trip you buy based on what your book shows actually moved, not on guesses.","Eh, when I read that part about ""buying what I think will sell,"" it really touched me because that is exactly how I do it — I just look at a shoe in Owino and feel like the ladies here will like it. And it's true, if you ask me right now which sizes finished last month, I can only guess. So I think the biggest problem is that I'm buying with my feelings instead of with facts, and that's why my money keeps sleeping in shoes nobody wants.

I will start that notebook, it doesn't cost me anything and I can write in it every evening before I close the stall. If after two or three months my book shows me the size 38 sandals and the children's shoes always finish fast, then when I go to Kampala I buy those with confidence and stop wasting money on the fancy heels that just sit there. My only worry is the transport still being expensive for small trips, but at least if I know what really moves, even a big trip won't leave me stuck.",185
P040,integrated,2826,694,"**CAUSE:** All three readings are really pointing at the same wound from different angles: because you sell the exact same creams and perfumes as ten other sellers, customers have no reason to commit — they can always find it cheaper elsewhere, so they cancel online orders and squeeze your margins in the shop. The cancellations and your split energy are symptoms; the root cause is that nothing makes buying from *you* different. Fix the ""why buy from me"" problem and the commitment and focus problems shrink.

**PREDICTION:** If this is correct, you'll see customers regularly quoting a cheaper price for the exact same brand and size, and easily walking away when you can't match it.

**NEXT STEP:** Your priority should be to stop competing on identical stock — pick a few products or a service (bundles, advice, trusted delivery, or hard-to-find items) that others don't offer — and require a mobile-money deposit online, which committed, differ","Hmm, I think the AI has a point that I didn't want to hear. It's true that when a customer messages me on WhatsApp asking for a specific cream, like a Nivea or a Fair & White, they can just go to the next shop in the market and get the same thing. So yes, the deposit idea helps with cancellations, but it doesn't fix why they should come to me in the first place.

What I would do next is lean into the advice part — I studied beauty because I love it, and I actually know what works for our skin here in Uganda with the sun and dust. Maybe I start offering skin consultations and building trusted bundles, like a full routine for a student's budget, instead of just selling loose products anyone can grab. That way people are paying for my knowledge and my honesty, not just the item, and that's harder for the next seller to copy.

I'll keep the deposit system too because it's already reducing my losses, but I see now it was treating the symptom and not the sickness.",187
P045,competing,6667,1174,"**CAUSE:** Your problem is scale. Big shops buy cement and iron sheets in huge volumes, so manufacturers charge them less per bag and sheet than you pay, keeping their floor price below yours. **PREDICTION:** Every time you drop your cement price to compete, you'll earn almost nothing or lose money. **NEXT STEP:** Join or form a buying group with other small Mbarara shops to place combined orders and earn the same bulk discount.

---

**CAUSE:** You're trying to profit on cement and iron sheets, which you called ""high volume but low margin"" where customers ""shop around a lot."" Those are fights you can't win. **PREDICTION:** Most customers who come for cement or iron sheets also grab high-margin paint, tools, and fittings. **NEXT STEP:** Price cement and iron sheets at near-cost as bait, and make your real money on the paint, tools, and fittings they buy alongside.

---

**CAUSE:** You stock the fittings and tools big shops ignore, yet customers still treat you as just a cement seller compared on price. Your real strength is invisible to them. **PREDICTION:** Plumbers and electricians only find your specialist fittings by accident once inside, not by seeking you out. **NEXT STEP:** Tell every plumber, electrician, and contractor directly that you're the place for hard-to-find fittings and tools.","The buying group idea catches my attention the most, because that first analysis is right about my real problem — the big shops pay less than my buying price, so how can I ever compete on cement? I know two or three other shop owners here in Mbarara market who face the same thing, so maybe if we combine our orders the manufacturer will give us the same discount they give the big fellows. But I also liked the point about the fittings and tools — it's true, plumbers and electricians only discover what I stock once they are already inside my shop. So my next step is two things: I will talk to the other small shop owners this week about ordering cement together, and I will start telling every plumber and electrician who passes that I am the man for the pipes and fittings the big shops don't bother with. The cement brings them in the door, but honestly it is the tools and paint that keep my family eating.",172
P047,single,3924,954,"**CAUSE:** You said it yourself — ""most still pick the cheap ones"" even after you explain the difference, and your genuine stock is ""slow-moving because customers only compare price."" This tells me your customers have already made their choice: they want the lowest price and treat cheap items as disposable. The complaints when items fail are just normal talk, not a real demand for quality — because when given the choice, they keep buying cheap anyway.

**PREDICTION:** If this is correct, you should see that even the customers who complain loudly about failed items come back and buy the cheap version again, not the genuine one — and your expensive genuine stock sits on the shelf tying up money for weeks.

**NEXT STEP:** Your priority should be to stop buying the slow genuine stock and put that trapped money into more fast-moving cheap items and higher-turnover lines. Track which items sell out quickest and reinvest there, since your real loss is capital sitting id","Eh, this advice is partly true but I think it misses something. Yes, the customers who complain do come back and buy the cheap ones again — I have seen this myself, especially the students and the price-hunters. But my real worry is not just money sitting idle, it's my name. When a charger fails and someone abuses me in front of other customers, that noise chases away the retailers who buy in bulk, and those bulk buyers are where my real profit is.

So what I would do is not fully drop the genuine stock like the AI says. Instead I want to separate my two markets — keep the cheap fast-movers for walk-in individuals since that's clearly what they want, but for the shopkeepers who resell, I push the genuine ones because their own reputation depends on it too. Let me test this for maybe two months and watch closely who really pays more when their business is on the line.",163
P050,integrated,12692,2493,"**CAUSE:** All three readings point to the same weakness from different angles: you keep tying up cash in trendy designs where you're at your worst — you see trends late, everyone stocks the same bolts, and the price gets cut fast. The timing and sameness problems are real, but they're really symptoms of one deeper issue: trends are the riskiest place to put your money, and by your own words, suiting and classic fabrics are what ""always sell."" The root cause is a money-allocation problem, not a trend-guessing problem.

**PREDICTION:** If this is correct, you should see that when you add up a full year, most of your real profit came from suiting and classic fabrics, while trendy pieces mostly broke even or locked up cash you needed.

**NEXT STEP:** Your priority should be shifting most of your buying money into your steady earners, and only spending a small, fixed amount on trends — and only on designs your Gulu competitors don't already car","What this made me realize is that I've been thinking about it the wrong way - I kept stressing about guessing trends right, but the real problem is where I'm putting my money. My suiting and classic materials are what actually pay my rent and feed my family, yet I get excited and pour cash into kitenge designs that either sit or everyone at the market already has. So my next step is to keep more of my money in the steady sellers and set aside just a small fixed amount for testing trends - and only trendy designs the other fabric sellers here in Gulu haven't brought yet. I think I'll also start writing down properly what really sells over a full year, because right now I'm just going by feeling and not the actual numbers.",137
P051,competing,17594,3181,"**CAUSE:** Your supplier has no reason to be honest — you pay before opening, can't verify grade, and return no matter what. Loyalty won't earn you better bales; he still labels mixed bales grade A and takes your 350,000. **PREDICTION:** Quality won't improve however loyal you stay; good and bad bales keep coming randomly. **NEXT STEP:** Insist on inspecting bales before paying, or hold back part of the payment until you confirm the grade.

---

**CAUSE:** All ten stalls open the same mixed bales, so that's normal for everyone. The difference is your torn and stained pieces — half a bale — that you throw away or sell too cheap, recovering only ""small money"" as rags. **PREDICTION:** Even your good bales leave a big unsold pile, and that pile is where your money disappears. **NEXT STEP:** Bundle stained kids' clothes to rural resellers, sell off-season pieces to colder areas, or partner with someone who mends torn clothes.

---

**CAUSE:** Ten stalls in your row open the same bales and fight over the same clothes for the same young mothers. When everyone offers identical pieces, no one can charge more — buyers just walk next door. **PREDICTION:** Even a well-sorted good bale gets haggled down to your neighbor's price, because mothers find the same shirt next door. **NEXT STEP:** Make your stall different — specialize in baby clothes only, matching sets, or freshly washed and pressed pieces.","Eh, all three of them are talking about real things I see every day, but the one that touched me most is the first one — this problem of paying before I open the bale. That is where my 350,000 disappears, because the supplier calls it grade A and I only find out the truth when it is too late. So my first move is to go back to him and say, my friend, either you let me open and check before I count the money, or I hold some of the cash until I see what is inside.

Now the second advice also makes sense to me, because even from a good bale I still get that pile of torn pieces, and rags are truly small money. So while I fix the supplier problem, I want to find those rural resellers who can take the stained bundles cheap, and maybe talk to one of the women near the market who mends clothes. The third one about being different — that is for later, because if I still don't know what is in my bale, how can I promise mothers only clean baby sets? First let me control what I am buying, then I can think about how to stand out from the other stalls.",215
P056,single,3922,932,"**CAUSE:** Your real problem is that you have no way to hold customers to their promises. You said you give goods on credit and ""some pay well but others delay for weeks or disappear,"" and even long-known customers ""have started delaying."" That happens because there is no cost to them for paying late — your book and phone follow-ups are records, not consequences. The market demand is fine; the missing piece is control over who gets credit and what happens when they break the deal.

**PREDICTION:** If this is correct, you should see that the customers who delay are not punished in any way — they still get new goods on credit next time, and they know it, so the delays keep spreading even among trusted buyers.

**NEXT STEP:** Your priority should be setting clear, enforced credit rules: fixed payment deadlines, a written agreement each customer signs, and a firm policy that no one gets new stock on credit until their last balance is cleared.","Eh, this thing they have told me, it is true and it has touched me. The way they put it, that I have no consequence for the ones who delay — that is exactly my sickness. Even someone who has not cleared last month, I still load his sacks because he is my old friend and I fear to lose him, so of course everybody sees that Ssemwanga is soft.

So the most important problem is this credit that is running away from me while my suppliers want cash in hand. The next thing I will do is start this rule — no new goods until you clear the old balance — and I will write it down properly, not just my book, maybe something they sign so it enters their head that it is serious. My only fear is some customers may run to another wholesaler in Kikuubo, but honestly if I keep going like this I will have no capital left to lose them with anyway.",168
P061,integrated,7740,1748,"**CAUSE:** All three point to the same trap from different angles: you're competing for price-sensitive walk-in shoppers on products they can find cheaper online, while giving away your best asset — hands-on testing and expert advice — for free. The deepest root cause is that you're aiming your shop at the wrong customer. The young women comparing WhatsApp prices will never pay for your rent and stock, but salon owners who need reliable, bulk, trusted supply value exactly what a physical shop offers.

**PREDICTION:** If this is correct, you'll see that your salon-owner customers reorder regularly and rarely bargain, while the walk-in ladies who spend the longest testing and asking questions are the ones who disappear to buy online.

**NEXT STEP:** Your priority should be to shift your focus toward salon owners and repeat buyers — offer them bulk pricing, dependable stock, and a few exclusive products online s","The advice made me stop and think, because it is true - when I look at my salon owners like the two who run places near Layibi, they just come, pick their products in bulk, pay and go without much bargaining. It's the young ladies who spend twenty minutes testing lotions and asking about prices who then vanish and buy from Facebook. So maybe my biggest problem is I have been treating everyone the same instead of building strong relationships with the salon people who actually keep my shop running.

What I would do next is start visiting the salons myself, offer them better prices when they buy plenty, and maybe get some products the Facebook sellers don't have. That way I am not just fighting on price for lotion everyone sells - I am giving something they cannot get from a phone screen.",144
P064,competing,5884,1303,"**CAUSE:** Your capital is stuck because of how you buy, not weak demand. Suppliers sell mixed lots, so restocking fast middle sizes forces you to take the slow big and small sizes too. **PREDICTION:** The stuck sizes will be exactly the ones the supplier added, never sizes you chose alone. **NEXT STEP:** Renegotiate to buy size-specific lots, or team with nearby stalls to split mixed lots.

---

**CAUSE:** You mark up every pair the same, but big and small shoes have far fewer buyers. They need a lower price from day one, not the same profit target as popular middle sizes. **PREDICTION:** When you finally drop the price on odd pairs, they sell — proving buyers exist, just at a price you offered too late. **NEXT STEP:** Price odd sizes cheaper the day they arrive for quick turnover, instead of slashing later at a loss.

---

**CAUSE:** Many stalls sell shoes, and customers pick whoever bargains lowest. You've given shoppers no reason to choose you, so nobody knows your stall is where hard-to-find sizes live. **PREDICTION:** Customers pass without stopping unless hunting a bargain, and nobody comes asking you specifically for big or small sizes. **NEXT STEP:** Become known as ""the stall for every size"" with a sign and word to school buyers.","The first one hit me hardest because it names exactly what I live with every day - these suppliers force me to take the big and small sizes I never wanted. That is the real root of my problem, the mixed lots. So my next step is to talk to two or three fellow shoe sellers here in the market and see if we can buy the mixed lots together and share out the sizes each of us needs. But I also liked the second advice, because it is true - when I finally reduce the odd sizes they do sell, so I am now thinking I should price them low from the start instead of watching them sit for months and then losing more. Between the two, fixing how I buy is the bigger thing, because if I stop being forced to take the slow sizes, my money stops getting trapped in the first place.",156
P067,single,6228,1489,"**CAUSE:** You told me that when you ask for payment upfront, ""many customers refuse because they don't trust online sellers,"" and some ""walk away"" when you ask for even a small deposit. This is a credibility problem — new customers don't yet have proof that you are a real, reliable seller who will deliver what they ordered, so they protect themselves by refusing to pay first. Your own plan of ""building reviews and trust"" shows you already sense this is the root issue.

**PREDICTION:** If this diagnosis is correct, you should see that customers who have bought from you before, or who found you through a friend's recommendation, almost never refuse to prepay — while first-time strangers are the ones who cancel or reject the deposit.

**NEXT STEP:** Your priority should be collecting and showing proof — ask every happy customer for a short review, photo, or WhatsApp testimonial, and post real delivery photos and customer names (with permission) promin","Honestly, when I read that part about repeat customers and referrals never refusing to prepay, it hit me — that is exactly what happens. My regulars and the newlyweds a friend sent to me, they pay the deposit without complaining, it is only the strangers on Instagram who go quiet or walk away. So yes, the real problem is trust, not the money itself.

What I will do next is start being serious about collecting proof — I already have some happy customers, but I never thought to ask them for a short video or photo with the items. From now on, every delivery my rider completes, I will ask him to snap a quick photo of the customer receiving the parcel, and I will post those (with permission) on my page instead of just product pictures. If people can see real Kampala women holding my cookware at their doorsteps, I think even the strangers will start trusting me enough to pay first.",163
P070,integrated,13008,2330,"**CAUSE:** All three readings point to the same weakness from different angles: you have no cushion to absorb the dollar's movement. The pricing fix and the product-mix fix are both real, but they only work if you first stop the bleeding — and the deepest cause is that thin margins on phones leave nothing to survive a rate rise, while your small capital forces constant reactive buying. The rate isn't your enemy; your lack of a margin buffer is. Pricing at replacement cost is the fastest lever, but shifting toward higher-margin accessories is what makes that buffer stick.

**PREDICTION:** If this is correct, you'll see that accessories almost never leave you short at restock, while phones — priced from what you paid, not what replacement costs — keep coming up short.

**NEXT STEP:** Your priority should be to price everything from today's dollar rate plus a buffer, and steadily move more capital into higher-margin access","Eh, this thing about the margin buffer, it makes sense to me. I always thought the dollar was my main enemy, but now I see the real problem is that on phones I am working with very small profit — maybe 20,000 or 30,000 shillings on a phone — so when the rate jumps even a little, that small profit disappears and I can't restock the same number.

The part about pricing from today's replacement cost, not what I paid, that one I must start doing immediately. Right now I look at my receipt and think ""I bought at 3,700, so let me price from there,"" but I should be checking what it will cost me to buy again this week.

So my next step is two things: first, every morning I check the rate at the forex bureau near me and add a small buffer before I set my prices. Second, I want to push more of my capital into accessories — chargers, earphones, screen protectors, covers — because those move fast and the margin is much better than on the phones themselves. That way even if the dollar bites me",192
P076,competing,6264,1245,"**CAUSE:** You are buying blind — closed bales where half the clothes may be torn or old-fashioned. Your dead stock comes from importers whose bale quality is inconsistent, so each 400,000-shilling purchase is a gamble. **PREDICTION:** Good-to-bad ratios will swing wildly from bale to bale with the same importer. **NEXT STEP:** Track five bales from the expensive supplier against your cheaper ones; if his dead stock is lower, his price saves money.

---

**CAUSE:** The problem is not what is inside the bale — every bale has plainer pieces. You are one of hundreds fighting for the same young customer wanting branded items, so you cannot move older pieces. **PREDICTION:** Your village resellers will easily sell the ""old-fashioned"" clothes that just sit on your Owino table. **NEXT STEP:** Build a steady channel — sell slow pieces in bulk cheaply to village resellers or run a discount pile.

---

**CAUSE:** The bale itself is the problem. Paying 400,000 for a closed bale means betting on stock you cannot inspect, so even a good supplier hands you a locked bag that could be half rubbish. **PREDICTION:** Even your better, more expensive supplier will still give bales that are half rubbish. **NEXT STEP:** Stop buying whole mixed bales; buy pre-sorted or split bales of only children's clothes you can see.","Eh, these three, they are all touching something true but I think the second one is the one that really opened my eyes. You see, me I have been calling those clothes ""dead stock"" but that woman coming from the village, she is not looking for the branded thing the young Kampala girls want — she just wants a good dress for her children that is not torn. So maybe my problem is not only the bale, it is that I am putting the wrong clothes in front of the wrong customer and letting them just sit and waste on my table.

So what I will do, I will still watch my expensive supplier like the first advice said, because me I already suspect his bales are cleaner — but I will not stop the mixed bales yet, because a full children-only pre-sorted bale, that one is very expensive and hard to find here in Owino. First let me build a proper connection with two or three of my village resellers, sell them the slow pieces in bulk cheap, and get my money moving instead of it sleeping under the table.",191
P083,single,14478,1906,"**CAUSE:** Your credit problem exists because, in your own words, ""everybody in Kikuubo sells the same things, we are all next to each other selling the same chargers."" When your goods are identical and it ""becomes about who shouts louder and who gives a slightly better price,"" you have nothing to offer upcountry traders except credit — so they force you to lend, because ""if I refuse credit they buy from the next guy who gives it."" Credit is not your choice; it is the only weapon you have when nothing sets your stall apart.

**PREDICTION:** If this is correct, you should see that the traders who demand credit hardest are exactly the ones who could buy the same charger from any of your neighbours — and that on rare items nobody else stocks, they pay cash without arguing.

**NEXT STEP:** Your priority should be finding one or two products the other stalls do not have — a specific brand, model, or bundle — so you can win bulk orders on uni","That part about how they only demand credit because they can get the same charger anywhere else, that made me think. It is true, when someone wants a normal Oraimo charger they push me hard on credit because if I say no they just walk two stalls down. But last month I had those thick fast-charging cables that nobody else had brought yet, and those same upcountry people paid me cash without complaining. So maybe the AI is right that my real problem is not credit itself, it is that I am selling exactly what everyone else sells.

My next step is I want to talk to one of the importers and see if I can get exclusive on one or two items, maybe a specific power bank or some good earphones, so I become the guy people must come to. But I am also not going to drop my book and mobile money plan, because even with special goods I still need to know who owes me — that money in Soroti and Arua is still my money and I want to see it come back.",187
P086,integrated,9479,1511,"**CAUSE:** All three readings point to the same wall from different angles: your young customers have moved online, they can't easily see why your genuine products cost more, and you're one person who can't keep up. The deepest cause is capacity — you already proved demand exists (you get orders whenever you post), but you can't consistently show up, explain your quality, or answer fast enough while running the shop alone. Being online and proving quality both fail if nobody has time to do them well.

**PREDICTION:** If this is correct, you'll see that on your busiest shop days you post least and reply slowest, and the orders that slip away are ones where nobody answered in time — not customers rejecting your price.

**NEXT STEP:** Your priority should be hiring one part-time student to photograph products daily, post consistently on Instagram and TikTok, and reply to messages quickly — and have them highlight genuine seals and real before-and-after results so your higher price finally makes sense","You know, reading this made me realize something true — on my busy days, especially Saturdays when the brides come in, I never post anything and by evening I see people asking questions on WhatsApp that I answered too late. So the problem is not that my prices are too high, it is that I am one person trying to do everything and the orders are slipping through my fingers. I think I need to get someone to help, maybe one of these university students here in Gulu who understands Instagram and TikTok better than me, to take good photos and reply fast while I handle the shop. But I am a bit worried about the cost and trusting someone with my customers and money, so maybe I start with someone part-time, just a few hours in the afternoon, and see if the extra orders can pay for them.",149
P090,competing,3643,926,"**CAUSE:** You buy in small amounts, so your truck goes half-empty and you pay for wasted space. Cheaper shops buy in bigger volumes, so suppliers discount them and their transport per item is lower.
**PREDICTION:** Small loads will show a much higher transport and price per saucepan than a full truck, and suppliers quote you worse prices than big buyers.
**NEXT STEP:** Commit fully to joint buying with other Mbale shopkeepers so every truck goes full, and ask suppliers what volume unlocks a lower price.

---

**CAUSE:** You buy from Kampala and Kenya through Malaba, paying loading, transport, and border delays. Cheaper shops likely use a different wholesaler or a shorter, duty-advantaged route that cuts those exact costs.
**PREDICTION:** A competitor selling the same saucepan cheaper won't be buying much bigger quantities — they just source from a supplier or crossing point you don't know.
**NEXT STEP:** Trace where the cheaper Mbale shops actually buy, compare border points, and switch to the cheaper channel you uncover.

---

**CAUSE:** You're fighting on price for goods anyone can sell, but your real money comes from wedding bulk buyers and village retailers. They need advice, credit, delivery, and someone who knows them — service supermarkets can't offer.
**PREDICTION:** Your loyal wedding and village customers keep coming back despite the cheaper supermarket, because they value your help, not the lowest price.
**NEXT STEP:** Build offers around service — wedding packages, village delivery, retailer credit — and stop competing on single-item price.","The three explanations pull me in different directions, but honestly I think the truth is a mix of the first two. The volume thing makes sense — my truck is never full, so I am paying for empty space every trip. But that second point nags me, because I have long suspected those cheaper shops are not just buying more, they are using a route or a wholesaler I don't know about.

So my next step is really two things at once. I will push hard on the joint buying with my fellow shopkeeper so we fill the truck, and at the same time I will quietly find out exactly where the cheaper shops in town are sourcing from — maybe follow the delivery, ask the boda guys who bring their stock. If I fix both my landed cost, then I can worry later about the wedding packages and village credit, because that third idea is good but it doesn't help me if my saucepan still arrives more expensive than the shop next door.",174
P095,single,4050,979,"**CAUSE:** Your core problem is that you commit your capital before you know what upcountry customers actually want. You said it yourself: ""I put my capital into what I think will sell... but sometimes fashion changes and those shoes just sit there."" You are guessing on behalf of buyers in Masaka, Mbarara and Hoima whose tastes you cannot see from Kikuubo, so your money gets stuck in dead stock.

**PREDICTION:** If this is correct, you should see that the styles that turn into dead loss are almost always the ones you chose on your own hunch, while the shoes your retailers specifically requested sell out fast and rarely sit unsold.

**NEXT STEP:** Your priority should be to build a proper demand signal before you buy — take pre-orders or small deposits from your regular upcountry retailers for new styles, and only commit big capital to the shoes they have already confirmed their customers are asking for.

","Eh, this advice hit something real. When I think back, it's true — the shoes that just sit in my store gathering dust are the ones I chose myself because I liked them or thought they looked sharp. But the ones my Mbarara and Masaka guys ask for specifically, those ones move fast, sometimes within days.

So my biggest problem is that I'm spending my capital guessing for people whose customers I never even see. The pre-order idea is smart — I'm going to start asking my regular retailers to put down a small deposit before I bring in a new style, that way my money follows real demand instead of my own hunch.

The one thing I need to figure out is how to handle the walk-in customers, because those ones don't pre-order, they just want something nice on the shelf today. But even for them, I think if the upcountry demand is telling me what's hot, I can trust the same styles will move here in Kikuubo too.",170
P099,integrated,9265,1520,"**CAUSE:** All three point to the same wound from different angles: your cash is frozen because your stock no longer matches your market. But the deepest cause is the third one — your bulk buyers of cement and iron sheets have gone to Kampala and Mbale, leaving you with slow specialty items and only small top-up sales. The habit and the missing records matter, but they are symptoms of not noticing that your core customers walked away.

**PREDICTION:** If this is correct, you should see that even when you restock cement and iron sheets, the big contractor and farmer orders don't come back — they buy only small amounts from you between their bulk trips to Kampala.

**NEXT STEP:** Your priority should be to talk to five of your old big customers this week and ask what would make them buy from you again — then start a simple daily sales book so you stock for the small, frequent buyers who actually remain.","Eh, this advice has made me think differently, I won't lie. I always believed my problem was just poor buying — too much money on pipes and paint nobody wants. But this idea that my big contractors have quietly shifted to Kampala and Mbale for bulk, that one is sitting heavy on me, because now that I count them in my head, yes, they mostly come to me for small top-ups these days. So my most important problem may not be the stock itself but that I lost my biggest buyers and never noticed properly. This week I will do two things — go and sit with maybe five of those old contractors and farmers to hear the truth from their mouths, and start a small daily book to see clearly who is actually still buying and what, so I stop guessing and stock for the people who are really still here.",152
P101,competing,3411,881,"**CAUSE:** You buy bales blind and cannot see the quality before paying. You spend 300,000 expecting grade-one, but half arrive torn or faded and the importer won't refund. **PREDICTION:** Your profits will swing wildly bale to bale, with no way to know which is good before opening it. **NEXT STEP:** Ask importers about grade, origin, and packing marks, and keep a notebook of which markings gave good clothes.

---

**CAUSE:** You and twenty neighbours sell the exact same mivumba. When one opens a bale, everyone rushes the same styles, so buyers just pick whoever is cheapest and your margins vanish. **PREDICTION:** Even on days you open a genuinely good bale, you'll still be forced to cut prices because the next stall has identical dresses. **NEXT STEP:** Sell what others ignore — special sizes, church dresses, or matching children's sets — so buyers come to you.

---

**CAUSE:** Your losses come from thin, uneven demand, not the bale. You move plenty on Saturdays and before school opens, but weekdays and off-season sit dead with cash locked in stock. **PREDICTION:** The same clothes sell fast before term opens or on Saturdays, but barely move on a Tuesday or mid-term. **NEXT STEP:** Buy small, cheap bales in slow weeks and save your big money for Saturdays and the pre-school rush.","Eh, all three of them see something true, but the first one touches my real wound - the gambling with bales. That is where my money bleeds most, because when I pay 300,000 and half is torn, no clever selling can bring that money back. But I will be honest, the second one also opened my eyes small, because it is true that me and Mama Grace and the others all hang the same dresses and then we fight over price like fools.

So what I will do is this: I keep my notebook like the first advice says, writing down the packing marks and which importer's bales came good, because if I can learn to read those markings before I buy, I stop gambling blind. At the same time, I want to start looking for the church dresses and the matching children's sets that my neighbours ignore, so even when we all open bales the same day, the customers still climb to my stall. The demand one about Saturdays I already know in my bones - that is why I buy heavy before school opens - so I don't need advice there, but the bale quality is the thing keeping me awake at night.",205
P106,single,2604,672,"**CAUSE:** Your real problem is that you sell ""the exact same Chinese plastics"" everyone else in Kikuubo sells, so customers see no reason to choose you except price and credit. As you said, ""if I refuse credit they just go to my competitor who gives it"" — that only happens because your goods and prices are identical to the next shop's. Credit isn't your choice; it's the only weapon you have left when nothing else sets you apart.

**PREDICTION:** If this is correct, you should see that the customers who leave when you tighten credit come straight back the moment a competitor's prices rise or their goods run low — because they were never loyal to you, only to whoever offered the best terms that day.

**NEXT STEP:** Your priority should be finding one thing competitors don't offer — like guaranteed stock of a specific item, faster reordering for upcountry traders, or reliable quality — so customers stay for a reason other than credit, letting","Look, the AI makes a fair point that we all sell the same basins and jerrycans down here in Kikuubo, but honestly it is missing my real headache. My biggest problem is not that customers see no difference between shops — it is that my money gets locked up in credit and I cannot order my next container from China in time. When a South Sudan trader disappears owing me three million shillings, no amount of ""being different"" brings that cash back.

That said, this idea of offering something they cannot get elsewhere is smart, and I think I can use it. Instead of just fighting on credit, I could guarantee a Masaka retailer that his thermos flasks and buckets are always in stock and reserved for him, so he stops shopping around — then slowly I introduce the half-payment upfront rule to those loyal ones first. That way I protect my cash for the next container while keeping the customers who actually matter.",164
P109,integrated,4697,885,"**CAUSE:** All three readings point to one root cause: your cash gets trapped in the wrong shoes at the wrong place. The buying-method and competition readings are really the same problem — you commit cash upfront guessing at trendy town styles, a game the cheaper arcade and Chinese shops always win. But the deepest issue is that the money already stuck on your shelves stays frozen, so even smarter buying won't free you unless you first unlock that dead stock.

**PREDICTION:** If this is right, you'll see the same trendy town styles sitting unsold at full price for months, while your steady leather basics move fast and earn better at village markets with less price-cutting.

**NEXT STEP:** Your priority should be to run a clearance push now — mark down and bundle the old trendy stock, sell it cheap at village markets — then use that freed cash to buy small test batches of leather basics, only reordering styles that have already sold.","The advice makes sense about my money being frozen in shoes nobody wants — that is my real headache. I have been so focused on guessing the next fashion that I never thought clearly about the old stock just sitting there and eating my capital. What I will do first is take those slow-moving trendy shoes to the village markets on market days and sell them cheap, even bundle two pairs together, just to get my cash back moving. Then with that money I can push more into the church and office shoes and children's basics that actually sell without so much haggling. I like that I don't have to keep guessing — I let what already sold tell me what to buy again.",124
P113,competing,4872,859,"**CAUSE:** You don't actually know your daily pattern of withdrawals and deposits — your ""mornings out, evenings in"" is a guess, not measured. That's why you keep getting caught short midday and rush to rebalance. **PREDICTION:** On days you run dry, the shortage will hit at a predictable time and size, meaning it was foreseeable. **NEXT STEP:** For two weeks, record every deposit and withdrawal with time and amount, then load each period's true need in advance.

---

**CAUSE:** Your float is simply too small for how many people you serve. You run out of cash during withdrawals and e-value during deposits because your daily starting amounts are below what your volume demands, no matter the timing. **PREDICTION:** Even on days you load early and guess the pattern right, you'll still run dry before evening. **NEXT STEP:** Raise your total working float through a super-agent overdraft or small loan so both sides survive a full day.

---

**CAUSE:** With agents on every corner and people going to whoever's nearest, your customers are random spillover, not a base you can plan around. No float or record can buffer traffic you don't control. **PREDICTION:** Your ""mornings out, evenings in"" rule will keep flipping for no reason, because it's just whoever passes by. **NEXT STEP:** Give people a reason to come to you specifically — arrange to serve a nearby shop, boda stage, or market group.","Honestly, reading these three made me think hard, but the first one hit me the most. I have been running on a feeling — ""mornings out, evenings in"" — but I never actually wrote anything down in three years. So the truth is I don't really know my own numbers, I just react and rush to the bank when I'm already stuck.

The second one about my float being too small might also be true, but how can I even borrow to grow my float if I can't show anyone my real daily flow? And the third one, saying my customers are just random people passing — I don't fully agree, because many of my mobile money customers are regulars who trust me, that's why they come back.

So my next step is simple: for two weeks I will record every deposit and withdrawal with the time and amount in a small book. Once I see the real pattern, then I can decide if I need a bigger float or an overdraft — and I'll also bank more often so I'm not sitting with cash that makes me a target for thieves.",192
P119,single,3965,695,"**CAUSE:** Your customers cancel because ordering costs them nothing — they message excitedly, but since they haven't committed any money, backing out when the rider arrives feels completely safe. You said yourself that when you demand full payment upfront, ""many customers don't trust me and won't buy."" This is the real problem: as one of ""hundreds of online fashion vendors,"" new buyers have no proof you're genuine, so they won't risk their money on an unknown seller.

**PREDICTION:** If this is correct, you should see that repeat customers and those referred by friends almost never cancel, while the ghosting happens overwhelmingly with brand-new buyers who found you through a random post.

**NEXT STEP:** Your priority should be building visible proof that you are trustworthy — post screenshots of real customer messages, delivery photos, and video reviews from happy buyers on every Instagram and TikTok page, so new customers feel safe committing","Honestly, reading that made me realize something I already felt but hadn't put into words — my regulars and the ladies who come through referrals almost never do this nonsense. It's the new ones who see one TikTok and message ""I want this dress"" with all the excitement, then vanish when Amos the rider is at their gate. So yes, the real issue is that these new customers don't trust me yet, and ordering costs them nothing so cancelling is easy for them.

What I'll do is combine two things: keep pushing my small non-refundable deposit on mobile money, but also start posting screenshots of happy customer chats and delivery videos on my Instagram and TikTok so people can see I'm legit. If a new buyer refuses even a 10,000 shilling deposit, then honestly she was never serious anyway, and I'd rather find that out before I pay the rider. The trust-building is what will make the deposit feel normal instead of suspicious.",163
P121,integrated,5158,1142,"**CAUSE:** All three readings circle the same wound from different angles — poor dawn information, being indistinguishable from neighbors, and owning all the risk. But the deepest root is the third: you spend your own money at dawn on perishables that *must* sell that day, so every flood forces you to dump stock at cost. Better supply news would only help you guess less badly, and standing out won't save produce that's already rotting in a glut. The structure itself — buy first, hope later — is what bleeds you.

**PREDICTION:** If this is correct, your losses will almost always come from produce you already paid for and couldn't move that day — never from customers you had to turn away empty-handed.

**NEXT STEP:** Your priority should be locking in orders the night before from your restaurant and kibanda buyers, so you buy mostly what's already promised — then use early word from truck drivers to price the small surplus you take on speculation.","Eh, that part about ""buy first, hope later"" — that one hit me true. That is exactly my life every morning. The kibanda owners and the small restaurants, they come to me almost every day anyway, so why am I not asking them the evening before how much matoke and tomatoes they will need? If I can go to the trucks already knowing that Mama Grace needs two bunches and the chapati place needs a basin of onions, then most of what I buy is already sold before the sun is fully up. The gambling would only be on the small extra I choose to take, not on everything — that is what I want to try starting this week.",120
P124,competing,3459,820,"**CAUSE:** Your whole business depends on Wandegeya foot traffic. When students go home the street empties and daily sales drop by more than half, so you have almost no way to reach buyers.

**PREDICTION:** Even in semester, quiet days like rain or exams will sharply cut your sales.

**NEXT STEP:** Push WhatsApp selling with delivery and list on platforms like Jumia so customers can be anywhere.

---

**CAUSE:** You sell chargers, earphones, and cables that students buy in bulk once at the start of semester. These last months, so demand vanishes after that trigger passes no matter who walks by.

**PREDICTION:** Even loyal young-worker customers rarely return, because a charger lasts until it breaks.

**NEXT STEP:** Add year-round repeat products like bulbs, extension cables, batteries, and repairs so buyers keep coming back.

---

**CAUSE:** Your rent stays at full level every month even when sales halve. As you said, during holidays you can't cover rent and eat into your stock money, turning a normal slow season into lost capital.

**PREDICTION:** Even a moderate dip hurts badly, since rent alone eats most of a quiet month's income.

**NEXT STEP:** Negotiate lower holiday rent or share the stall so your fixed cost shrinks when demand does.","Honestly, reading all three made me see my problem from angles I hadn't thought about. The first two were kind of what I already knew — I'm too tied to Wandegeya foot traffic and my products don't bring people back often — but that third one about the rent hit me hardest. My biggest problem is that fixed rent, because even when everything goes quiet the landlord still wants his money on time, and that's what forces me to eat into stock money during holidays.

So my first move is to go talk to my landlord about paying less during the dead months, or maybe finding someone to share the stall when things are slow — that shrinks the pressure immediately. Then I'll keep building my WhatsApp selling and start stocking things like bulbs and extension cables that people buy all year, not just students at semester start. That way I attack both the cost side and the customer side instead of just hoping the students come back.",168
P126,single,5883,1424,"**CAUSE:** Your problem is not bale-buying itself — many sellers in Owino open bales and make good money. Your problem is your specific importer. You said ""when I open a bale I have already paid for, sometimes half of it is torn or stained."" A fair importer sells sealed bales with mostly good clothes. Half-damaged bales suggest your supplier is selling you pre-picked bales, where the good pieces were already removed before you paid.

**PREDICTION:** If this is correct, you should see that other sellers buying from *different* importers open bales with far less damage than yours — and your losses cluster around bales from this one supplier, not bad luck spread evenly.

**NEXT STEP:** Your priority should be testing two or three other importers. Buy one bale from each, track how much of each is sellable, and compare against your current supplier. If the others give you cleaner bales, switch — even paying a little more is worth it if you throw away far","That advice made me think hard, because I have three importers I sometimes buy from, but I always go back to the same one because his prices are lowest. Now I am asking myself — is he really cheapest if half the bale is rubbish? I think the AI is right that my real problem might be this one man selling me bales that were already picked through before they reached me.

So my next step is to do what they said — buy one bale from two other importers this month and write down carefully how many good pieces I get from each one. If the others are cleaner even at higher price, I will change, because throwing away torn clothes is the same as throwing away my money. But I still want to try washing and mending the damaged ones too, because even if I find a better supplier, no bale is perfect.",155
P130,integrated,2819,614,"**CAUSE:** All three readings point to one thing: you are selling the same cheap items to the same small crowd as every neighbor, so competition is squeezed onto your street. The stock and the price-sensitive customers matter, but they only trap you *because* too many shops are fighting over the same passing students and boda riders. The root cause is location — you are stuck sharing one limited crowd, not that your products or customers are wrong.

**PREDICTION:** If this is correct, you should see your daily sales drop whenever a neighbor restocks or a new shop opens nearby, even though your own prices and products never changed.

**NEXT STEP:** Your priority should be to take your cheap, reliable stock directly to where fewer shops compete — deliver to boda stages, hostels, and markets in small affordable quantities, so you reach the same price-sensitive buyers before your street neighbors do.","The AI made me think differently, because for three years I have been blaming my stock, but it is true — the day someone opens a new shop two doors down, I feel it in my sales that same week. So maybe the real problem is that we are all crowded on one street fighting for the same students and boda guys who just walk to whoever is nearest.

What I like about their idea is going to the customer instead of waiting. The boda stages here in Mbale are always full of riders whose chargers spoil, and nobody is bringing stock to them directly. I think I will start small — carry chargers and phone holders to the main stage near the taxi park and to the hostels around Islamic University, and see if selling there works before I spend capital on expensive branded items I am not sure people will buy.",153
P135,competing,3286,763,"**CAUSE:** You keep all your credit records in your head, so you lose count and forget who has not paid. You extend credit blindly, even to customers who burned you before. **PREDICTION:** When a credit customer arrives, you cannot instantly say how much they owe or whether they paid last time. **NEXT STEP:** Start a written credit book today — one page per customer showing what they took, the date, and what remains.

---

**CAUSE:** Your neighbors all give credit to keep resellers coming back, so you feel forced to match them or lose customers. Credit has become the price of staying in the game in Kikuubo. **PREDICTION:** Whenever you demand cash, customers threaten to buy from a competitor down the street and often leave. **NEXT STEP:** Offer a small discount for cash payment, so buyers gain something real by paying now.

---

**CAUSE:** Your margins are thin and you already restocked using money you do not actually have yet. You spend before cash comes in, so one delay freezes the whole shop. **PREDICTION:** Even customers who eventually pay in full cause panic, because their normal 2–3 week delay lands when you need cash to restock. **NEXT STEP:** Set aside a fixed portion of every collection so you restock from saved money, not money still owed.","All three make sense, but the one that hit me hardest is the last one — about spending money before it comes in. That is exactly my trouble; I restock the basins and jerrycans using money that is still sitting in some village shop, so when even a good customer takes their normal two weeks to pay, my whole shop freezes and I cannot buy from the importers. The credit book is important too, and I will start that today because honestly I do keep everything in my head and I forget, but the book alone will not put cash back in my pocket. So my first move is to keep some money aside from every payment I collect, even a small portion, so I am not depending on money people still owe me before I can restock. Once I stop that panic, then I can be strict about who gets credit without feeling like I will lose my upcountry people to the shop next door.",166
P139,single,7228,1499,"**CAUSE:** Your problem is that almost everything you stock is bought only for special occasions. You said children's shoes ""sell fast during school time"" and you ""make good money during the holiday rush,"" but between these events your money is ""tied up in shoes nobody is buying."" Your customers and your capital are fine — the trouble is your shelves are full of shoes people only need twice a year, so demand naturally collapses in between.

**PREDICTION:** If this is correct, you should see that the shoes sitting unsold during the slow months are mostly the fancy children's and dress shoes, while any everyday sandals or work shoes you happen to have keep selling steadily even in the dead weeks.

**NEXT STEP:** Your priority should be shifting part of your stock toward everyday sandals and work shoes that people replace year-round, exactly as you were already considering. Test with a small batch this slow season and track whether they sell when occasion shoes don't.","This advice makes sense to me, because it's true - when I look at what stays on my table during the quiet months, it's the shiny children's shoes and the dress shoes for men. The everyday things like the rubber sandals, those ones people always come for even in the middle of term when a child's slipper tears. So the biggest problem is that too much of my money is sitting in shoes people only need at Christmas or school opening. What I will do is take a small part of my capital this coming slow season and buy more of those cheap sandals and work shoes to test, and I will watch closely which ones move - because I don't want to guess, I want to see with my own eyes before I put big money there.",138
P144,integrated,4667,933,"**CAUSE:** All three readings point to the same wound from different angles: a failed rain season wipes you out. The timing of your borrowing (Diagnosis 1) and your lack of off-season income (Diagnosis 2) both explain *how* the pain lands, but the deepest truth is Diagnosis 3 — you carry all the weather risk alone. The lender demands repayment ""regardless,"" suppliers ""usually refuse"" returns, so when rains fail, only you lose. Fix that imbalance and the timing and income problems become survivable rather than fatal.

**PREDICTION:** If this is correct, you should see that in your worst years the suppliers and lender were paid in full and lost nothing, while every shilling of loss — the expired stock, the outstanding loan — sat with you alone.

**NEXT STEP:** Your priority should be shifting some weather risk off your shoulders: negotiate consignment or return terms with","The AI put its finger on something I have felt but never said clearly - that when the rains fail, I am the only one who bleeds. The supplier still gets his money, the bank still wants its loan back, and I am left sitting with expired chemicals nobody will buy. That is the real problem, not just my timing.

So my next step is to stop asking suppliers for returns like a favour and instead push harder for consignment - let me pay only for what I sell, especially on the chemicals that expire. If they refuse, maybe I start smaller with tools and other things that do not spoil, so at least a bad season does not finish me completely. I also need to talk seriously with these NGOs and cooperatives because their buying is more reliable than depending only on farmers guessing the rains.",147
P148,competing,3457,834,"**CAUSE:** You keep guessing when to stock up because prices change often and you learn too late. Competitors who undercut you knew about price changes before you did. **PREDICTION:** The dealers who beat your price are the ones who ordered just before drops or stocked up just before rises, as if warned ahead. **NEXT STEP:** Build direct lines to Tororo and Roofings sales reps and join a hardware traders' WhatsApp group so you hear price moves before you buy.

---

**CAUSE:** You stock the same big brands as everyone, so you can only compete on price, and price wars crush your margins. Your money sits in cement where you have no edge, while paint and fittings give better profit. **PREDICTION:** No customer picks your shop for a special reason — they buy cement only when you're cheapest and leave when someone else is. **NEXT STEP:** Shift capital and shelf space into higher-margin, harder-to-compare items like paint, fittings, pipes, plus services like color mixing or delivery.

---

**CAUSE:** You pour huge amounts of capital into one big cement purchase, leaving no cushion. When the price drops, one bad move hits your whole business and forces selling below cost. **PREDICTION:** Price drops only hurt right after you've sunk most of your money into one delivery; smaller buys barely dent you. **NEXT STEP:** Keep a cash reserve and buy cement in smaller, more frequent batches so no single price swing traps your money.","The first advice hit me hardest because it named my real wound — I always hear about price changes too late, after I have already bought stock at the high price. That WhatsApp group idea and getting close to the Tororo and Roofings reps is something I can start doing tomorrow without spending money, and honestly I feel foolish I have been buying blind all these years. The other two make sense too — I already planned to buy cement in smaller batches and push more paint and pipes where my margin is fatter — but knowing the price direction beforehand is what makes all those other decisions smarter. So my most important problem is information: I am the last to know. Next step is I will find two or three serious traders I trust and start sharing price news with them, and call the manufacturer reps directly instead of just waiting for whatever price the transporter quotes me.",159
P002,single,9125,1709,"**CAUSE:** Your own words tell the story: ""Feed is killing me. The price of feed keeps going up and the quality is not consistent."" Feed is the biggest cost in any layer operation, so when you buy commercial feed at rising, unpredictable prices and inconsistent quality, your margins get squeezed from both sides — you pay more and your birds sometimes lay less. This is why you can't compete with cheaper Kampala eggs even though their transport is far: their feed cost is likely lower and steadier than yours.

**PREDICTION:** If this is the core problem, you should see your profit per tray shrink in the exact months when feed prices jump, even when your birds are laying normally and there's no sign of disease.

**NEXT STEP:** Your priority should be to test your own feed mix using local maize and silverfish on a small group of birds — say 100 — and carefully record the cost per bird and the laying rate, so you know before","The feed problem is really the thing eating me alive, that part they got right. But I want to say something about testing on 100 birds first before I switch all 800 - that is smart, because if I mix the feed wrong and all my birds stop laying, I have lost everything at once. So what I will do is separate maybe 100 layers, feed them my own mix of maize and silverfish, and write down every day how many eggs they give me and what it cost me. If those birds lay the same or better and cheaper, then I move the rest slowly. And I will still get the vet involved, because I need to be sure when laying drops it is not disease hiding behind the feed change.",132
P008,integrated,11138,1988,"**CAUSE:** All three readings point to the same underlying weakness: your business has no cushion to absorb shocks. Power isn't the disease — it's the trigger that exposes it. But the deepest cause isn't thin margins or costly fuel; it's that your milling and orders run in one rigid stream with no buffer, so every outage instantly becomes idle maize and a lost sale. Fix the buffer first, because it's cheaper and faster than solar or rebranding, and it stops the bleeding immediately.

**PREDICTION:** If this is correct, you'll see that outages barely hurt on days you already have finished flour in stock — but on days with nothing milled ahead, a single UMEME cut costs you orders and leaves farmers' maize waiting.

**NEXT STEP:** Your priority should be to build a buffer stock of finished flour by milling in batches whenever power is steady, so outages hit your inventory,","Eh, this thing about the buffer, it made me think differently. I have been so focused on the generator and fuel that I never sat down to see that my real problem is I mill flour only when the orders come, so when UMEME cuts, everything just stops dead and my margins die. The truth is, on days I happen to have some bags already milled and sitting in the store, the outages don't stress me the same way — that part is true. So my next step is to start milling in bigger batches whenever the power is steady, especially early morning when UMEME here in Mbarara is usually stable, and keep finished posho flour in stock ahead of the school orders. This is much cheaper than waiting to buy that big generator, and it stops me from milling at a loss just to chase an order.",148
P014,competing,5239,1177,"**CAUSE:** Your income comes in big lumps every few months, but you spend on feed every single week. That gap leaves you broke between harvests and forces you to sell fish small and cheap. **PREDICTION:** You'll have cash right after a harvest, then predictably run dry a few weeks before the next pond is ready. **NEXT STEP:** Split your next fingerlings across two or three ponds stocked weeks apart, so you harvest something every month.

---

**CAUSE:** Your real problem is having no cash cushion to carry you between harvests. Feed money and harvest money are the same pot, so even staggered ponds still need weeks of feed before any harvest arrives. **PREDICTION:** Even after a good harvest, the cash gets swallowed by feed and household needs within weeks, and you never set anything aside. **NEXT STEP:** Build a separate feed fund by setting aside a fixed share of every harvest, or arrange feed-supplier credit.

---

**CAUSE:** The real problem is thin margins. Your farmed fish costs more to produce, and competing with cheap lake fish means each harvest barely earns above your feed costs. **PREDICTION:** Even selling mature, good-sized fish at full price, the money still won't stretch far past the next feed bill. **NEXT STEP:** Charge a real premium for freshness and safety by selling direct to restaurants, hotels, and farm-gate buyers.","All three make sense to me, but the second one hit hardest because it named something I already feel but never really faced. Even when I stagger my ponds like I planned, I still need feed money for weeks before that first small harvest comes in — so staggering alone doesn't fix the empty pocket, it just moves the problem around. So my most important problem is I have no separate money for feed; everything goes into one pot and gets eaten by feed and home needs. What I'll do is start setting aside a fixed cut from every harvest into a feed fund, and at the same time talk seriously to my feed supplier about buying on credit so a bad week doesn't force me to harvest small fish again. Then the staggering and the smoked fish idea can actually work, because I'll have the cash to hold the fish until they reach good size and good price.",159
P019,single,8051,1676,"**CAUSE:** Your spoilage comes from buying blind. You buy a big lot from the trucks early morning without knowing what the day will bring — as you said, ""Good days I can clear everything, bad days I throw away."" You ""can never judge how much to buy and it changes every day,"" which means you are guessing at the moment of highest risk, before a single customer has shown up.

**PREDICTION:** If this is the real cause, you should see that your spoilage is worst on days you bought a large morning lot expecting a busy day that then turned slow — and almost zero spoilage on days you happened to guess low, even though you lost some sales those days.

**NEXT STEP:** Your priority should be turning guesses into orders — lock in advance commitments from the restaurants and food vendors who buy in bulk, so a known portion is already sold before you pay the truck, and buy small for the uncertain rest.","Yes, this advice speaks the truth of my market. The biggest problem is exactly this guessing in the dark morning before anybody comes to buy — I pay the truck money for tomatoes and greens not knowing if that day the customers will come or stay away. So my next step is to go and talk to the restaurant people around here, maybe three or four of them, and ask them to tell me the evening before how much matoke and greens they need, so I already know that portion is sold before I pay. For the rest I will buy small and go back to the other sellers during the day when I see the customers are coming — even if I pay a little more per basket, it is better than throwing away half by evening. That thrown food is my own money rotting, and I am tired of it.",152
P025,integrated,7199,1485,"**CAUSE:** All three readings circle the same truth from different angles: you lose money because you sell what everyone else sells, when everyone else sells it, and you can't wait for a better price. The deepest root, though, is competition — you grow ""what many farmers around Mbale grow,"" so timing tricks and drying only buy small, temporary relief before others copy you. Notice your own clue: eggs and chickens pay ""more regular"" income precisely because fewer neighbors compete there. That's the pattern worth chasing.

**PREDICTION:** If this is correct, you should see that your eggs and any less-common product hold steady, higher prices all year, while your tomatoes and cabbages only fetch good money in the brief weeks when few others have them.

**NEXT STEP:** Your priority should be to shift more of your land and effort toward the less-crowded products that already pay you steadily — expand your eggs and chickens first, and use irrigation to","Eh, this advice is making me think differently. It's true that my eggs bring money more steadily than my tomatoes — even when the market is flooded with vegetables, my eggs still sell to those restaurants at a fair price because not everyone around here keeps chickens seriously. So maybe my biggest problem is not just timing, it's that I'm crowding into the same tomatoes and cabbages that every farmer near Mbale grows.

But I'll be honest, I'm not ready to drop vegetables completely — that garden is my bread and the traders still buy my cabbages in bulk. What I think I'll do is grow my poultry side, maybe add more layers for eggs since the demand from restaurants is steady, and still try the off-season tomatoes with small irrigation for those weeks when prices are good. That way I balance the reliable money from chickens with the chance of a good vegetable price, instead of putting all my hope on a market that collapses on me",168
P029,competing,4706,1085,"**CAUSE:** Each bird eats too much feed per egg, so your cost per egg stays high. Since you started mixing maize bran and mukene, the birds seem to lay less, wasting feed. **PREDICTION:** Your daily egg count per hundred birds has dropped on home-mixed feed compared to commercial feed. **NEXT STEP:** Measure feed used and eggs collected for one week on each feed, then compare cost per egg directly.

---

**CAUSE:** You sell ordinary eggs and chicken identical to the big farms, so shops only compare price — and their bulk buying beats you every time at 800 birds. Customers refuse your higher price because big farms sell cheaper. **PREDICTION:** No matter how much you cut feed costs, shops still push your price down to the big farms' level. **NEXT STEP:** Build direct restaurant and household relationships where you sell on reliability, delivery, and quality instead of price.

---

**CAUSE:** You are spread across four channels — shop eggs, live birds, dressed chicken, restaurants. Shops and households only compare price, but your restaurants order in bulk and keep you out of that price war. **PREDICTION:** Your restaurant sales earn a steadier, higher margin per bird than your shop eggs. **NEXT STEP:** Count the profit each channel gives you, then shift birds and time toward locking in more restaurant contracts.","The three readings actually helped me see something I was mixing up in my head. The first one is right that I need to actually measure the feed and eggs before I blame the mukene mix — right now I am just guessing that they lay less, I haven't sat down with a notebook to prove it. But the bigger truth is what the second and third ones say: I am fighting the big farms on price for the shop eggs, and that is a war I cannot win at eight hundred birds. So my most important problem is that I am wasting my birds and my time chasing shop customers who only care about being cheap, when my restaurants are the ones who actually order in bulk and pay me properly. What I will do next is track both things for two weeks — the cost per egg on each feed, and the profit from each customer type — and then I think I move more of my birds toward locking in restaurant contracts and maybe delivering fresh dressed chicken they can rely on, because that is where I am not just another cheap egg.",196
P034,single,4705,1185,"**CAUSE:** Your core problem is that you buy blind — you decide what to purchase in the villages without knowing how much matoke other traders are already bringing to market that same day. You said it yourself: ""by the time I bring it to market the price has fallen because too much came in that day."" Your only source of information is casually asking fellow traders, who are your competitors and have no reason to tell you the truth. You aren't guessing wrong because of bad luck; you're guessing wrong because you have no real information to guess with.

**PREDICTION:** If this is correct, you should see that on the days you lose money, the market is flooded with matoke you didn't know was coming — and on the days prices jump, it's because far less arrived than anyone expected.

**NEXT STEP:** Your priority should be building a reliable way to know daily supply before you buy — arrange one or two contacts at the market or on the Kampala routes who report each morning how much produce is heading in.

","The advice makes sense, I won't lie — the biggest problem is that I am buying blind in the villages before I know what is coming to the market. But I will be honest, this idea of finding contacts to report to me every morning is not so simple. My fellow traders are the same people I am competing with, so why would they tell me the truth about how much matoke they are bringing? Maybe what I can do is find someone who is not a trader — like a boda boda rider or a loader at the market who sees the trucks coming in early — and pay him small money to just tell me what he sees each morning before I go buying. That way the information is honest because he is not fighting me for the same customers.",142
P039,integrated,7401,1503,"**CAUSE:** All three point to the same knot from different angles: you're bringing fish that spoils, sells slow, and sells cheap. But cooling and buying less are just ways of losing less — the deeper problem is that you're stuck selling to an evening market that's already crowded, where your price collapses. Fix that, and the spoilage and volume questions become manageable, because each fish you sell will finally earn enough to cover the rest.

**PREDICTION:** If this is correct, you'll see that the restaurants and hotels who ""want steady supply"" pay you more and more reliably than the market crowd, and your worst days are the ones where you dump leftover fresh fish cheaply in the evening.

**NEXT STEP:** Your priority should be locking in two or three restaurants or hotels on an agreed daily amount and price — sell that guaranteed share first, then bring only what the open market can absorb before noon, and keep your fish cold","The advice makes me think differently, I must admit. For years I have been focusing on the ice and the bad roads, but this person is telling me the real wound is where I sell — I dump fresh fish cheap in the evening when nobody wants it anymore, and that is where my money bleeds out. So my biggest problem is not really the spoilage itself, it's that I'm not selling to the people who pay well and pay steady, which are the restaurants and hotels. My next step is to go and sit down with two or three of the hotels here in Gulu, agree on a fixed amount and price they take from me every day, and supply them first before I even carry anything to the open market. That way I bring only what I know I can sell before noon while it is still cold, and I stop losing money on fish rotting in the afternoon sun.",162
P043,competing,32818,6315,"**CAUSE:** Your problem is timing, not earnings. You sell when everyone else sells, so buyers push prices down, and you sell goats cheap when desperate for cash before the good season. **PREDICTION:** Goats and maize sold in the flooded glut months fetch clearly less than the same goods sold a few weeks earlier or later. **NEXT STEP:** Hold back some goats and stored maize to sell off-season, when neighbors have sold and buyers compete for scarce stock.

---

**CAUSE:** Every product you have is seasonal. Goats sell mostly during holidays and crops after harvest, so money comes in big lumps while feeding, school fees and inputs keep costing you every month. **PREDICTION:** Even your best-timed, highest-price sale still stretches across empty months, and you get squeezed into cheap desperate sales before the next season. **NEXT STEP:** Add one weekly-cash activity that ignores seasons — laying hens for eggs, milk goats, or a small trading stall — to cover monthly costs.

---

**CAUSE:** The money exists, but you have no safe way to keep it. You earn big amounts at certain times, yet the lump sums run out before the next payday, forcing the cheap desperate sale. **PREDICTION:** Your lump sums vanish within weeks on scattered costs, and you have no saved cushion when the dry-month squeeze hits. **NEXT STEP:** Join a village savings group or open a mobile-money wallet where you lock away part of each lump sum and can borrow against it.","All three make sense, but honestly the third one hit me hardest. It's true — even when I get good money at harvest or during Christmas, by the time I pay school fees and buy inputs, it's gone in a few weeks, and then I'm stuck selling goats cheap again. The first two advices are about earning better and spreading income, which I need too, but if I can't hold onto the lump sum in the first place, holding goats longer won't help me because I'll still panic and sell early.

So my next step is to join one of the village savings groups here in Lira — my neighbour is in one and they meet every week. I'll put away part of my harvest and festive money there so I have a cushion, and even borrow small from it instead of dumping my goats. Then once my cash is not always in crisis, I can properly try the plan of keeping goats for the festive season and maybe start the weekly-cash side business like the layer hens.",178
P049,single,8355,1800,"**CAUSE:** Your core problem is that you buy coffee from farmers on a guess, hoping the price will be higher when you finish processing, but you have no buyer locked in. As you said yourself, ""sometimes I buy from farmers at a good price expecting to sell higher, but by the time I've processed it the price has dropped and I make a loss."" Your losses come from betting on the volatile market, not from anything wrong with your coffee or your customers.

**PREDICTION:** If this is correct, you should see that the batches where you agreed a price with an exporter *before* buying almost never lose money, while the losses all come from batches you bought first and tried to sell later.

**NEXT STEP:** Your priority should be to stop buying any coffee until you have a buyer and price confirmed first — even if it means processing smaller volumes or waiting for exporters willing to commit early. Only buy what you already know you can sell at a locked margin.","The advice makes sense — the real problem is I'm gambling on the market when I buy coffee without knowing who will take it or at what price. When I look back honestly, the batches where I already had an exporter agree on a price, I almost never lost money. The trouble is these big buyers don't like committing early, so if I only buy what I've already sold, I'll be processing much smaller volumes and my machines and workers may sit idle.

So my next step is to push harder to lock in buyers first, even if it means starting small, but I also need to solve the cash problem — because farmers want money immediately while exporters pay me late, and that gap is what forces me to keep guessing. Maybe I focus first on the exporters who value my quality and are more willing to talk price early, and build that relationship so committing becomes normal.",159
P054,integrated,10271,2051,"**CAUSE:** All three point to the same wet-season surplus, but they disagree on why it hurts you. More buyers won't help if the milk spoils in hours, and cold storage alone only keeps you selling cheap liquid. The deepest cause is that you have only one product — raw milk — with no way to preserve or upgrade the surplus. Processing solves both problems at once: yoghurt and cheese last longer *and* earn three to four times more per litre.

**PREDICTION:** If this is correct, you should see that the exact litres you now pour away or sell at 1500 UGX would fetch far more as yoghurt, and that a processed product survives days instead of hours while raw milk keeps spoiling.

**NEXT STEP:** Your priority should be starting small-scale yoghurt production — learn the method, get basic equipment and a simple cooler for holding milk before processing, and test-sell to the shops and families already buying from","The advice makes sense to me. For a long time I thought my problem was just not having enough shops, but now I see the real issue is that I only sell one thing — raw milk — and it dies in my hands within hours. In the wet season that is when it hurts most, pouring away good milk that my cows worked hard to give me.

So my next step is to start learning how to make yoghurt properly, even in small quantities, because it lasts longer and I heard it can bring three or four times the money per litre. I would first find someone who already makes yoghurt here in Mbarara to teach me the correct method, then get a few basic tools and maybe a small cooler to hold the milk before I process it. Let me test it with the two shops and some families who already trust my milk before I spend big money.",161
P057,competing,3522,900,"**CAUSE:** Feed is your biggest expense, and you buy maize and mukene at retail all year. Prices jump seasonally, so you pay the most during the lean months instead of stockpiling at harvest. **PREDICTION:** Your worst-profit months will be those furthest from the local maize harvest. **NEXT STEP:** Buy maize and mukene in bulk at harvest and store them dry and sealed to lock in low prices.

---

**CAUSE:** Your eggs look identical to the cheaper Kampala eggs in the same shops, so buyers pick on price alone. That's why you can't charge more even when your eggs are fresher. **PREDICTION:** When you ask a shop for 500 UGX more per tray, they'll point to the Kampala eggs and refuse. **NEXT STEP:** Make your eggs stand out—sell direct to restaurants as fresh same-day local eggs with reliable delivery, or brand your trays.

---

**CAUSE:** You sell trays at 11,000 UGX to shops, the most price-sensitive buyers, who compare you to cheap Kampala eggs. Restaurants, hotels, bakeries, and egg-boilers pay more but you barely reach them. **PREDICTION:** The few restaurants you supply will complain less about price and buy steadily even when shops push back. **NEXT STEP:** Shift sales toward higher-paying buyers in Lira with weekly delivery, and slowly cut the low-margin shop trays.","Eh, reading all three, they are all touching my wounds but in different places. The bulk maize one, I already know that in my heart — the problem is money to buy plenty at harvest and a proper dry store so weevils don't finish it. But honestly, the ones talking about my customers opened my eyes more, because even if I fix the feed cost, those shops will still refuse to pay me because they see my eggs the same as the Kampala ones sitting next to them.

So the biggest problem right now is that I am selling too much to shops who only look at price, when the restaurants and hotels here in Lira can pay better and buy every week. Me I will start by picking maybe three or four restaurants I already know and offering them same-day fresh eggs with delivery I can trust — that way I earn more per tray and can afford to buy maize in bulk when Christmas broiler money comes in. I would rather grow my good buyers slowly than keep fighting with shopkeepers who will never respect my price.",189
P066,single,13276,2489,"**CAUSE:** Your core problem is that buyers see your farmed tilapia and catfish as the same thing as the cheap wild fish from Lake Victoria. In your own words, ""My farmed fish competes with the wild catch on price,"" which means whenever the lake fish are ""plenty and cheap that week,"" you're forced to sell low. Because you have no contracted buyers and no reason for customers to prefer your fish, you're always a price-taker — every harvest becomes ""a gamble.""

**PREDICTION:** If this is correct, you'll notice that no customer ever asks specifically for *your* fish or pays extra for it — they only compare your price against whatever lake fish costs that day, and they buy only when they happen to need it.

**NEXT STEP:** Your priority should be making your fish clearly different and worth committing to — offer restaurants and tourist hotels guaranteed freshness, consistent size, live delivery, or re","The advice makes sense to me — it is true, nobody comes asking for Ochola's fish specifically. They just look at what the lake fish is going for that day and haggle me down. I never thought about it that way, that my problem is not really the timing but that my fish looks the same as the cheap wild catch to them.

So I think the most important thing is to give the hotels and restaurants a reason to want MY fish. The tourist hotels near the Nile especially — those visitors pay good money, and if I can promise them fresh, live delivery and the same size fish every time, that is something the market vendors selling old lake fish cannot do. I would start with maybe two or three of those hotels, sit with the managers, and offer them a steady supply of clean, consistent tilapia at an agreed price. If even a few commit, then my staggered ponds actually have somewhere reliable to go instead of me gambling every harvest.",174
P069,integrated,8040,1494,"**CAUSE:** All three diagnoses point to the same weakness from different angles: you have no protection against the weeks everyone floods the market at once. Smarter buying helps, and preservation buys time, but the deepest fix is that most of your sales are to random walk-up shoppers, so you crash whenever the whole market crashes. The restaurants you already supply are the clue — buyers committed in advance take steady volume at a steady price even on your worst days.

**PREDICTION:** If this is correct, you should see that the tomatoes and onions you promised to restaurants sell at your agreed price during the very weeks the open market collapses — while nearly all your losses come from the unsold produce meant for walk-up buyers.

**NEXT STEP:** Your priority should be turning more of your sales into locked-in orders — approach two or three more restaurants or canteens this month and offer them a steady weekly supply, so a flooded market can no longer","This advice makes me think properly about something I already saw but never connected. When the market floods and prices crash, it's true — the two restaurants I supply still take their tomatoes at the price we agreed, while the pile I bring for ordinary shoppers is what rots on me. So my real problem is that too much of my selling depends on whoever happens to walk past my stall that day, and on a bad week nobody buys.

So my next step is to go and talk to more places — maybe that new hotel near the taxi park and a school canteen I know — and offer them a fixed weekly delivery. If I can lock in even three more steady buyers, then when the market is flooded I'm not standing there watching my tomatoes turn to water. The paste and drying idea I can leave for later, because honestly I still don't know how to do it and I fear people here won't buy it yet.",170
P073,competing,13689,3115,"**CAUSE:** Your margin is thin because of where you buy. Distant villages mean high truck fare that rises with fuel, and the rough roads bruise your bananas so you sell them cheaper. Brokers know you traveled far, so they raise their prices. **PREDICTION:** Traders who buy closer to Kampala or on smoother roads arrive with less bruising and keep a healthy margin. **NEXT STEP:** Visit two or three nearer growing areas and shift your buying to wherever the total delivered cost is lowest.

---

**CAUSE:** Your margin is thin because the brokers hold all the power over you. They know you came a long way and raise prices, and when you tried going direct, farmers ""don't always have enough at once."" With nowhere else to buy, you must accept their price. **PREDICTION:** On days you have another source lined up, brokers drop their price; on days you're stuck, they charge the most. **NEXT STEP:** Line up three or four farmers per village so you can always walk away.

---

**CAUSE:** Your margin is thin because too much matoke arrives damaged. You said bruised bananas from rough roads force you to sell cheaper, and ""the one who brings good quality at the right time gets the customers."" You lose money at Kalerwe on quality. **PREDICTION:** Your best-paying days are when bunches arrive firm and unbruised, regardless of what you paid. **NEXT STEP:** Pad the truck bed with banana leaves, tie bunches so they don't rub, and load them so they aren't crushed.","All three make sense to me, but the one about the brokers holding power hits closest to the truth. When I go all that way and the farmers I know don't have enough, I have no choice but to take whatever the broker asks — he sees it on my face that I cannot go home with an empty truck. So my first move is to line up more farmers, maybe three or four in each village, so I can always walk away and the broker knows it too.

The bruising advice is also good and cheap to try — banana leaves and better tying cost me almost nothing, so I will do that at the same time. But the transport and the broker problem is where the real money leaks, and fixing my buying power is what will finally let me keep a proper margin at Kalerwe.",148
P079,single,6899,1159,"**CAUSE:** Your real problem is how you buy feed, not your flock size or the egg price. You said the big farms ""supply eggs cheaper because they buy feeds in bulk"" — that is exactly it. You are buying layer mash one bag at a time at retail prices, so every bird costs you more to feed than it costs them. That is why you feel you are ""feeding these birds at a loss.""

**PREDICTION:** If this is the true cause, you should see that the price you pay per bag is noticeably higher than what a large farm pays, and that your cost gap shrinks or disappears when you buy several bags or a full pallet at once.

**NEXT STEP:** Your priority should be to buy feed in bulk — either directly from a mill or by teaming up with other small poultry keepers to place one large order together and split it. This lowers your cost per bird without cutting your flock or risking laying drops from homemade feed.","Eh, this advice is making me think differently. I was blaming the feed price itself, but true, when I go and buy one or two bags at the shop in Kalerwe, I am paying the retail price like any small customer. The big farms are buying maybe fifty bags straight from the mill, so of course their egg can be cheaper and still profit.

The part I like most is teaming up with other poultry keepers. There are several of us bringing eggs to Kalerwe, and if we combine our orders and buy direct from the mill, we all cut our cost. Let me first go check what the mill charges per bag when you buy in bulk, then talk to two or three farmers I trust. That way I don't touch my flock or keep struggling with my maize bran mixing that already dropped my laying.",147
P085,integrated,5626,1142,"**CAUSE:** All three readings point to the same core: right now, a farmer who cheats pays no price for it. You can't detect junk at buying time (Diagnosis 1), your pay-by-weight rule actually rewards stones and water (Diagnosis 2), and because most sellers are strangers you'll never see again, they have no reason to care (Diagnosis 3). The deepest root is the pricing rule — even a moisture meter and known farmers won't help if heavier bags still mean more money. Fix the incentive first; detection and relationships make it stick.

**PREDICTION:** If this is correct, you'll see that your rejected lots come from bags you accepted fast, paid by raw weight, and bought from one-off sellers — clean beans will cluster around repeat farmers.

**NEXT STEP:** Your priority should be to grade before you pay: get a moisture meter, sieve a sample from each lot, and pay","The part about paying by weight really hit me, because I never thought of it that way — right now if a farmer adds stones or wet beans, I am actually paying him more for cheating me. That is backwards. So the most important problem is not just that I cannot check every bag, it is that my whole way of paying gives farmers a reason to spoil the coffee.

What I will do first is start grading before I pay, not after. I want to get that moisture meter, take a sample from each bag, and set my price on quality — good dried beans get a better price, wet or mixed lots get cut or refused right there. This way the farmer feels the loss at my table, not me feeling it later at the exporter in Kampala.",140
P089,competing,10419,1941,"**CAUSE:** Your real cost is growing each fish to market weight. Expensive feed grows them fast; cheap feed keeps money tied up in ponds longer. **PREDICTION:** Whichever feed you pick, your profit per fish stays about the same, since savings on one side are eaten by cost or time on the other. **NEXT STEP:** Measure the true cost of raising one fish to market size, then decide whether to sell smaller and earlier or switch to a cheaper-to-grow species.

---

**CAUSE:** Neighbors harvest when you do and traders bring cheap Lake Kyoga fish, flooding the market when you sell. That oversupply is why even good fish fetch less. **PREDICTION:** The same fish will sell for much more per kilo in an off-peak week than when everyone harvests at once. **NEXT STEP:** Track market prices weekly for a season, then time your harvests to the high-price gaps when others aren't flooding the market.

---

**CAUSE:** You sell plain fresh fish by weight to traders who only care about price. Because your fish look identical to cheap lake fish, traders treat you as interchangeable and pay the lowest rate. **PREDICTION:** Traders will keep naming a price instead of competing, while restaurants and direct buyers quietly pay more for the same fish. **NEXT STEP:** Build direct repeat buyers like restaurants and households, selling fish cleaned, sized, or delivered instead of dumping bulk on price-driven traders.","All three of them are pointing at real things I live with every day, but the second and third ones hit me hardest. It is true that when everyone around Soroti harvests at the same time, and then the traders bring in that cheap fish from Lake Kyoga, my good tilapia and catfish sell for almost the same price as theirs even though I fed them properly. That is the part that pains me most — my money sits in those ponds for months and then the market treats my fish like it is nothing special. So I think my biggest problem is not really the feed by itself, it is that I am selling into a crowded market at the wrong time and dumping in bulk to traders who just name a low price.

What I want to do next is push harder on the two things I already started — staggering my ponds so I hit the weeks when others are not harvesting, and building more of those restaurants and household buyers who come straight to me. If I can sell more directly, cleaned and delivered, I stop competing with lake fish and I keep more of the money instead of handing it to the traders.",208
P094,single,6673,1424,"**CAUSE:** Your core problem is that you have no proper dry store, so when you keep groundnuts to wait for better prices, ""some get moldy and develop that poison."" You're drying on tarpaulins and keeping stock off the ground, but that is not enough to protect it during weeks of waiting — the storage space itself lets moisture and mold back in. Without a dry, sealed store, you cannot safely hold stock long enough to reach the good prices after the season.

**PREDICTION:** If this is correct, you should see that the spoilage happens mostly during the storage period — the groundnuts that go moldy were dried well at harvest but developed mold after sitting in your current storage for weeks.

**NEXT STEP:** Your priority should be building or renting a proper dry store — one with a raised floor, good airflow, and a dry roof — even a small sealed one first. Start by pricing the cheapest safe structure and saving specifically","The advice is right that the storage is where the trouble comes — but I want to be honest, it is not always after storing. Sometimes the groundnuts I buy from other farmers are already not dried well when they bring them, so the poison is starting even before they reach me. So my next step is two things: I must be more strict when I buy, testing that they are properly dry first, and I must begin saving for even a small sealed store with a raised floor. If I can hold my stock safely for even one or two months after harvest, I can sell when the Kampala traders are paying good money instead of dumping cheap with everyone else at harvest time.",125
P097,integrated,5246,1114,"**CAUSE:** All three readings point at real wounds, but they line up in one direction. The broken-down machine is what triggers your losses, and bigger, cheaper competitors are what absorb the customers you lose — yet neither explains why those customers never come back. The deepest cause is that nothing binds people to you: with no agreement or relationship, a single breakdown sends them to a rival forever, and your old machine simply makes those breakdowns frequent. So the machine is the trigger, but weak customer loyalty is what turns each trigger into permanent loss.

**PREDICTION:** If this is correct, you should see that even loyal, long-time customers who left during a past breakdown never returned, and that almost everyone arrives with no standing arrangement.

**NEXT STEP:** Your priority should be locking in steady customers with monthly milling agreements — especially schools and institutions — so that when your machine goes down, they wait for you instead","This advice got me thinking differently. I always believed my only problem was the machine, and yes, that old thing breaking down is the trigger of all my trouble. But they are right — the schools and shops that left me during past breakdowns never came back, and it's because I have nothing tying them to me. No agreement, no relationship, just a person who came, milled, and went to the next miller when I failed them once.

So my next step is to go and sit with the schools and institutions and try to get monthly posho supply agreements, even before I buy the bigger machine. If a school commits to buying from me every month, they will wait a day or two for a repair instead of running to my competitor. I'll still keep saving for the new machine and pushing the SACCO idea, but now I see that locking in loyal customers protects me while I fix the machine problem.",163
P100,competing,32748,7057,"**CAUSE:** Your main problem is low awareness — ""many Ugandans still don't know how to cook or value mushrooms."" That keeps demand ""small and inconsistent,"" so you harvest more fresh mushrooms than you can sell in two or three days. **PREDICTION:** Even at good prices, most people will hesitate and say they don't know how to cook mushrooms. **NEXT STEP:** Do live cooking demos and free tasting samples at supermarkets and markets so people experience mushrooms before buying.

---

**CAUSE:** Your real problem is timing, not demand. You grow on a fixed schedule while customers order unpredictably, so harvests that land in quiet weeks spoil in two or three days and you dry them at a loss. **PREDICTION:** Spoilage will cluster in weeks when harvests arrive but orders are quiet, while other weeks you run short and turn buyers away. **NEXT STEP:** Stagger your fruiting bags into smaller, more frequent batches and track weekly orders so you grow to expected demand.

---

**CAUSE:** Your buyers — WhatsApp individuals, some supermarkets, restaurants, shops — only buy if they feel like it that week. Nobody has agreed in advance to a set quantity, so every harvest is a gamble. **PREDICTION:** Your buyers rarely refuse mushrooms outright; they just don't order every week, and no single buyer takes a large, predictable amount. **NEXT STEP:** Sign 2-3 restaurants or hotels to a standing weekly order at a fixed kilo amount and agreed price.","Reading these three, they each grabbed a piece of the truth, but the third one really named what keeps me up at night. My harvests are always a gamble because nobody has committed to a fixed amount ahead of time — even my restaurant buyers just order when they remember or when their menu calls for it. If I could get even two or three restaurants or hotels to agree to, say, five kilos every week at a set price, I could actually plan how many bags to start each week instead of guessing and watching good mushrooms rot.

So my next step is to go back to the restaurants that already buy from me sometimes and turn those casual orders into a real weekly agreement. The awareness problem is real too, and I'll keep sharing recipes, but that grows slowly — a standing order fixes my spoilage right now. Honestly the timing advice and the standing-order advice go together: once I know my weekly demand, staggering my fruiting bags becomes possible instead of just wishful thinking.",177
P104,single,9445,1507,"**CAUSE:** Your real problem is that your eggs look exactly like everyone else's. You said eggs ""coming from other districts that flood the market push the price down"" and bigger farms ""sell cheaper"" — this only hurts you because buyers see no difference between your tray and theirs. Notice that families who ""come directly to my farm because they know my eggs are fresh"" already treat you differently — that's the value you're failing to capture with shopkeepers.

**PREDICTION:** If this is correct, you'll see that shopkeepers haggle you down to whatever the cheapest out-of-district egg costs that week, and they never pay extra even when your eggs are fresher — because to them, an egg is an egg.

**NEXT STEP:** Your priority should be turning ""fresh from a Mbarara farm"" into something buyers can see and pay more for — brand your trays, stamp a date, or sell direct to restaurants and families who already value fresh","The advice about branding is interesting, and it's true those families come to me because they trust my eggs are fresh. But honestly, I think the person who wrote this doesn't fully understand my day-to-day pain — my real problem right now is that feed is eating me alive. Even if I stamp my trays and put my farm name on them, a shopkeeper in the central market is still going to compare my price to the cheap eggs from other districts, and I'm not sure a stamp alone convinces him to pay 500 shillings more per tray.

What I would do next is push harder on two things at once: keep testing my own feed mix with maize bran and mukene carefully, maybe on just 100 birds first so I can watch if their laying drops before I risk all 800. At the same time, I'll chase those restaurants and direct families more seriously, because that's where the ""fresh"" story actually earns me money. Fix the cost side and grow the customers who already value me — that feels more real to my situ",185
P112,integrated,6540,1157,"**CAUSE:** All three readings point to one thing: at harvest you're stuck selling the same raw potato to the same few traders at the same moment, so you have no leverage. Storage and grouping both matter, but they're really tools for the same goal — breaking your dependence on that one crowded moment and channel. The deepest cause is timing: because your potatoes are perishing and everyone dumps at once, buyers know they can wait you out.

**PREDICTION:** If this is correct, you'll see that potato prices climb sharply in the weeks after harvest, and that restaurants or chip sellers who buy year-round pay more per kilo than the harvest-time traders.

**NEXT STEP:** Your priority should be getting storage in place first — even rented — so you can hold potatoes past the glut, then use that breathing room to finish your farmer group and start selling stored volume directly to steady off-season buyers like restaurants and chip makers","The advice put its finger on something I already feel in my bones - the real problem is that everyone in Fort Portal digs up their potatoes the same week, so those Kampala traders just sit back and wait for our potatoes to start going soft before they name their own price. Storage is the key that unlocks everything, because if I can hold even for three or four weeks past the glut, I stop being desperate and the power shifts a little back to me. So my next step is to get that ventilated store standing before the next harvest, even if I start small with just part of my crop to test how long they last and how much the price climbs. The farmer group is important too, but honestly it's hard to convince my neighbours to wait when they also fear rotting - once they see my stored potatoes fetching a better price, they'll join more easily.",160
P114,competing,5883,1405,"**CAUSE:** Each fish costs too much to raise compared to what you sell it for, so harvest money mostly goes to repaying debts. Feed and maintenance eat nearly all your revenue, leaving no surplus. **PREDICTION:** Subtract one pond's feed and upkeep from its harvest sale, and the leftover will barely cover restocking. **NEXT STEP:** Measure your cost per kilo against your selling price, then cut feed costs with cheaper local or homemade feed.

---

**CAUSE:** Your money arrives in big lump sums when a pond is ready, with nothing coming in for six to eight months between. That empty gap forces you to borrow, and repaying those debts eats your harvest. **PREDICTION:** Between harvests, customers will ask for fish or fingerlings, but you'll have nothing ready to sell. **NEXT STEP:** Build small, regular income streams — sell fingerlings, do partial harvests early, or sell smoked and fried fish for steady cash.

---

**CAUSE:** You sell by weight to traders who set your price against cheaper wild Lake Victoria fish and frozen imports. You take whatever weak price they offer, so even a full pond barely covers feed and debt. **PREDICTION:** You'll see traders bargaining you down, paying near or below wild-fish prices despite your fresher product. **NEXT STEP:** Sell directly to restaurants, hotels, and event buyers wanting fresh fish, at a premium, instead of dumping your pond on traders.","The three readings all make sense in their own way, but honestly the second one speaks to my real pain. My problem is not that fish cost too much to raise — my problem is the timing, that dead gap of six to eight months where I'm feeding fish and getting nothing back, so I borrow and then the harvest goes to the lender. That first advice about cheaper feed I already worry about — you can't just feed tilapia rubbish and expect good size, the customers notice.

So my next step is to start selling fingerlings to other small farmers around here, because that's cash I can get every few weeks while my big fish are still growing. I'll also try doing partial harvests, pulling out the bigger ones early for the market women instead of waiting for the whole pond. That third idea about selling straight to hotels for a better price is good too, but first I need steady small money coming in so I can stop borrowing — the premium market I'll build once I'm not drowning in debt.",183
P120,single,8404,1557,"**CAUSE:** Your core problem is that you have no way to preserve or transform your tomatoes, so the moment supply is high they turn from valuable produce into rotting crates. In your own words, you ""watch crates rot within days"" and are ""forced to almost give them away,"" while in the dry season you ""have nothing to sell."" Fresh tomatoes have a short life, and without processing or storage, every glut automatically becomes a loss.

**PREDICTION:** If this diagnosis is correct, you should see that your losses always come from tomatoes going bad before you can sell them — not from being unable to find any buyer at all. The rot happens because time runs out, not because no one wanted them.

**NEXT STEP:** Your priority should be learning one simple preservation method — start with drying tomatoes in the sun or making basic tomato sauce — and getting the small equipment needed. Visit a nearby processor or trainer to see how it is done, then test","You know, reading that back, it's true — the problem isn't that nobody wants my tomatoes. During a glut everyone in Jinja has tomatoes, so even the hotels and vendors don't need more, and mine sit there until they rot. So my real trouble is that I can't hold them or turn them into something that lasts. 

The next thing I want to do is learn one simple method properly — I'm thinking sun-drying first because it doesn't need much money or fancy machines, unlike the sauce that needs cookers and bottles. I'll ask around and try to find someone near town who already dries or processes tomatoes so I can see it with my own eyes before I waste any crates experimenting. If I can save even half of what I currently throw away, that's money I'm putting straight back in my pocket instead of watching it rot.",149
P125,integrated,5806,1294,"**CAUSE:** All three readings point to the same core truth: you can't make good paste because you can't count on good nuts — but the deepest issue is that you have no way to *reject* bad nuts without running out of raw material. Training farmers (Diagnosis 1) and testing at intake (Diagnosis 2) both fail on their own because, as you said, ""if I reject bad nuts, I don't have enough raw material."" The real root cause is that you depend entirely on scattered, unpredictable smallholders, so you're forced to accept whatever they bring.

**PREDICTION:** If this is correct, you'll see your quality rise and fall with the seasons and rainfall — clean paste in dry harvest months, spoilage during rainy stretches — no matter how much you train or test.

**NEXT STEP:** Your priority should be building a small core of trained farmers around Lira whom you pay a premium *and* check with a moisture meter —","You know, reading this made something click for me. The part about how I have no way to reject bad nuts without running out — that is exactly my trap. I keep thinking my problem is the moisture meter or the sorting, but really it's that I'm buying from anyone who walks in with a sack, so I'm stuck taking whatever comes.

So the most important thing now is not just testing the nuts, it's building that small group of farmers I can actually count on. What I'd do next is pick maybe five or six farmers I already know are serious, pay them a bit more, and teach them proper drying — then still check with a meter when they deliver so we both learn what ""good"" looks like. If I can secure even part of my raw material from people I trust, then I can afford to say no to the moldy stuff without my machines sitting idle and my shops complaining.

The one thing I'm still worried about is whether that handful of farmers can give me enough volume, especially when NGOs order in bulk. But I'",190
P129,competing,3465,887,"**CAUSE:** Raw milk spoils fast and you cannot store it. In the rainy season the price crashes, but you must sell everything cheap or dump it at 1,000, so you can't hold surplus for the high dry-season price. **PREDICTION:** You lose money from milk sold cheap or wasted in rainy months, while dry-month buyers pay 1,500 but you have little to give. **NEXT STEP:** Get simple equipment to turn surplus into yoghurt or ghee that keeps for weeks.

---

**CAUSE:** Your herd's output rises and falls with the grass, exactly like every farmer around Mbarara. You flood a full market in the rainy season when prices crash, and run dry when everyone else does. **PREDICTION:** Your milk volume peaks in the same weeks the price is lowest and drops when the price is highest. **NEXT STEP:** Plant and store dry-season fodder so your cows produce steadily across the year instead of matching everyone's rainy flood.

---

**CAUSE:** Your problem is weak buyer relationships, not spoilage or timing. With only two restaurants and a few shops, most milk falls back to the collection center at 1,000 instead of direct customers paying 1,500. **PREDICTION:** Even in dry season with high prices, you still hand a big share to the low-paying center. **NEXT STEP:** Find and sign more direct buyers — restaurants, shops, and household routes — so more milk sells at 1,500.","The three papers each caught something true, but the second one hit me hardest — my cows and everybody else's around Mbarara all flood the market at the same time in the rains, and we all dry up together. That is the root of it, so I think planting and storing fodder for dry season is the smartest first move, because if my cows keep producing when others have run out, I can sell at 1,500 to my households and restaurants when nobody else has milk.

The yoghurt and ghee idea is good but it needs equipment and skills I do not have yet, so I will save that for later once I have some money set aside. The buyer relationships matter too — I know I lose money dumping milk at the center for 1,000 — but even if I find ten more restaurants, in the rainy season everyone has plenty and the price still crashes. So I will start with the grass this coming season, maybe an acre or two of good fodder I can cut and dry, and see how my dry-season milk holds up before spending on machines.",192
P136,single,8418,1461,"**CAUSE:** You told me the feed quality is ""sometimes poor"" and that when it is, ""my hens lay fewer eggs, but I still paid full price for that bad feed."" This points straight to the feed being the problem — a hen fed a properly balanced ration with enough protein and energy will lay steadily, so a drop tied to certain feed batches means the input itself is nutritionally weak or inconsistent.

**PREDICTION:** If this diagnosis is correct, you should see egg numbers fall within a few days of opening a new feed bag or batch, and recover when you go back to a better bag — with the birds otherwise looking healthy and active.

**NEXT STEP:** Your priority should be to test feed quality directly: buy from two or three different suppliers, feed each to a separate group of hens for two to three weeks, and record the trays each group lays. This tells you which feed actually keeps laying high before you risk mixing your own","The advice makes sense to me, especially the part about watching how the birds lay when I open a new bag. But honestly, my most important problem is still the money going out for feed — it eats almost everything I make, and when the quality is bad I lose twice, once on the feed cost and again on fewer eggs. What I think I will do first is separate my birds into small groups and try two or three suppliers like they suggested, keeping a record of trays each group gives, because right now I am just guessing whether it is feed or disease. Once I know which supplier keeps my hens laying well, then I can think about mixing my own feed with maize and sunflower — I do not want to jump into that formula blindly and end up ruining nutrition for all 500 birds at once.",150
P142,integrated,6741,1455,"**CAUSE:** All three point at the same chain — bad maize in, no method to fix it, no target to aim at — but the deepest root is that you have never defined what your flour is supposed to be. You said you ""sit in the middle trying to build my own brand,"" yet you cannot correct grain quality or lock your grinder settings until you know the fineness, color, and moisture you are aiming for. The variable maize and loose process only *become* problems because there is no spec to measure them against. Fix the target first; the rest becomes solvable.

**PREDICTION:** If this is right, you will struggle to describe your ideal flour in exact numbers, and you will find different schools and shops are quietly asking for slightly different things you are trying to serve with one bag.

**NEXT STEP:** Your priority should be writing down one clear flour spec — fineness, color, target moisture — then buy the moisture meter and set fixed maize and grinder standards to hit","You know, this advice hit me in a place I did not expect. I have been so busy blaming the farmers and their wet maize that I never stopped to write down what my flour should actually be — how fine, what color, what moisture. And it is true, now that I think about it, that Kyamugorani Secondary likes their posho flour a bit coarser while the shops want it fine and white, so I have been chasing two targets with one grinder. So before I even spend money on the moisture meter, my next step is to sit down with a book and define my own standard, maybe by talking to my biggest schools to see what they really want. Once I know the target, then buying the meter and setting my grinder makes sense, because now I will actually know what I am aiming for instead of just guessing every batch.",153
P147,competing,34634,6439,"**CAUSE:** You buy all your greens each morning without knowing how many customers will come. With no record of daily sales, every morning is a blind gamble. **PREDICTION:** If you write down sales for two or three weeks, patterns will appear — busy days and slow days repeat. **NEXT STEP:** Start a notebook tracking what you buy, sell, and waste, then set buying amounts by weekday.

---

**CAUSE:** Your loss comes from committing everything at dawn, not from unknowable demand. Yet farmers keep bringing produce all day, so you could buy in smaller batches instead. **PREDICTION:** On days you buy a smaller morning batch and top up midday, you will waste far fewer wilted greens and rarely run out. **NEXT STEP:** Buy about half your usual amount, then return to the farmers at midday and mid-afternoon to restock.

---

**CAUSE:** Everyone sells the same greens at almost the same prices, so your volume depends on catching random passers-by. Without regular customers, your sales swing no matter how you buy. **PREDICTION:** On your big-sales days, most buyers are strangers passing through, not the same faces returning. **NEXT STEP:** Learn your household and restaurant buyers' names, set aside their usual greens, and offer to hold or deliver.","All three make sense to me, but the one that hit me hardest is the second one — because it's exactly what I was already thinking! I buy everything at dawn and that's where my loss comes from, since the farmers keep coming all day anyway. So I will start buying maybe half in the morning and going back midday to top up, that way fewer greens wilt on me.

But I also liked the idea of the notebook, because right now I'm just guessing with my head. If I write down what I sell for a few weeks, I'll know that Saturday is busy and maybe Tuesday is slow, so I stop buying blindly. And that last advice about knowing my restaurant customers by name — that one I'll do too, because those are steady buyers and if I keep their dodo and nakati ready they won't run to the mama next to me.

Ohulaigala eno, wait — let me be honest, I can't do all three at once. I'll start small: the notebook and buying in batches. Those two work together and don't cost me anything extra.",189
P003,single,3783,850,"**CAUSE:** Your business rises and falls entirely on one group of people — Makerere students. You told me your sales go from 70 cups to just 15 a day during university holidays, and that Wandegeya ""becomes quiet"" when students go home. This isn't a problem with your juice or your price; it's that almost all your money comes from one type of customer who physically disappears for months at a time. When they leave, there's no one else to sell to.

**PREDICTION:** If this is correct, you should see that your 15 remaining holiday cups are bought by the same small handful of non-students — young workers and offices — who never leave Wandegeya. Those buyers stay steady all year; only the student cups vanish.

**NEXT STEP:** Your priority should be building a second group of steady, year-round customers before the next holiday hits — start now by visiting nearby offices with a small delivery menu and a standing order arrangement, so their purchases fill the gap when","Eh, when I read that thing about my sales rising and falling with only students, it really hit me because it's true — my whole business is basically standing on Makerere. The most important problem is that I put all my eggs in one basket, and those students, they disappear like water in dry season for two, three months. So my next step is to start walking to those offices around Wandegeya now, before this coming holiday, and offer them a small delivery menu — maybe passion and mango combos in the morning when workers want something fresh. Those office people don't go anywhere for holidays, so if I lock in even a few standing orders through mobile money, that money can carry my rent and pay Sarah my worker when the students are gone. I just have to stop waiting and go knock on those doors while I still have my student money coming in.",156
P005,integrated,6413,1203,"**CAUSE:** All three point to the same trap from different angles: your cost swings hurt because you have nothing to protect your price with. Cheaper buying alone won't help, and adding plate sizes won't help, if customers still see your food as the same as the man next door — that's the deepest root. But the fastest bleeding is your daily market swings, which you can stop this week while you build the loyalty that lets you hold your price later.

**PREDICTION:** If this is right, you'll see that on cheap-market days you still barely keep customers when you shrink the plate — because they're loyal to price, not to you.

**NEXT STEP:** Your priority should be locking steady supply first — bulk beans and posho, plus one farmer for matoke at an agreed price — while you make one dish, like your groundnut sauce, so tasty and consistent that people say ""I eat at her place because the food is better.""","The part that hit me hardest is that my customers are loyal to the cheap price, not to me. That is true — when I shrink the plate they grumble and some go next door where the man sells the same beans and posho. So the real problem is not just the market prices jumping, it is that nobody has a reason to stay with me when I am squeezed.

So my next step is two things at once. I will still find that farmer for matoke and buy beans and posho in bulk when they are cheap, because that stops me bleeding money every week. But I also want to make my groundnut sauce the thing people talk about — cook it the same good way every day so a boda rider says ""at Auma's the g-nut is better,"" and then even if I hold my price he will still come.",152
P012,competing,36393,6682,"**CAUSE:** You buy flour and oil in small amounts at retail prices, far higher per unit than wholesale. Since you move high volume with two big basins of dough, every extra shilling multiplies fast. **PREDICTION:** Comparing your retail price per kilo of flour to a wholesaler's, the gap alone likely equals most of your shrinking profit. **NEXT STEP:** This week, pool money with three or four nearby vendors to buy a large sack of flour and jerrican of oil wholesale, then split it.

---

**CAUSE:** You sell the same plain chapati as every other stand, so the price is fixed and you can't raise it. As you said, a rolex must stay at a certain price or customers walk away. **PREDICTION:** Charging 500 more on a normal rolex loses customers, but nearby workers who buy soda and snacks clearly have money for better food. **NEXT STEP:** Launch a premium ""special rolex"" with meat, cheese, and avocado at 3,500–5,000, kept separate from your cheap fast line.

---

**CAUSE:** Your margin shrinks because you can't control how much dough, oil, and filling goes into each piece. The pressure to give a ""bigger chapati"" makes each one bigger and oilier than needed. **PREDICTION:** Some days two basins give you fewer chapati than others even when prices don't change, showing inconsistent portioning. **NEXT STEP:** Count exactly how many chapati one basin and one measured cup of oil produce, then set a fixed dough-ball size.","Eh, all three make sense, but the one that touched me most is this bulk buying with other vendors. That is already my plan, so it tells me my thinking is not wrong. The oil and flour prices are what is eating me alive - every week the shopkeeper adds another 500 shillings and I cannot pass it to my customers because a boda rider will just walk to the next stand.

But that last advice about counting my chapati per basin surprised me - I never measure properly, I just fry until the dough finishes, and some days I know I make less but I don't know why. So this week I will do two things: I will talk to Nakato and Sarah who sell nearby about buying one big sack together, and I will start counting how many chapati one basin gives me and how much oil I use. The special rolex idea is good too, but let me first fix my costs before I add new things, because if I don't even know my own numbers I am just guessing.",183
P020,single,8317,1683,"**CAUSE:** Your real problem is that you have no system connecting what you buy to what you sell. You said it yourself: ""I can't tell if it's theft by staff, wastage in the kitchen, buying badly, or portions too big."" You cannot fix any of these because you literally cannot see them — there are no records linking a bag of chicken bought to the plates of chicken sold. The guessing comes from missing measurement, not from one particular loss.

**PREDICTION:** If this is correct, you should notice that on busy months where you feel money should be there, you cannot produce a single number showing how much matoke, meat, or oil you used against how many meals you sold — the figures simply don't exist anywhere.

**NEXT STEP:** Your priority should be to start a simple daily record: write down every purchase (item, quantity, cost) and every sale (buffet plates, fried chicken orders, bookings). After two weeks, compare food bought to","The truth is, that advice hit me hard because it's exactly what's happening. When someone asks me how much chicken I used last week against how many plates I sold, I have nothing to show — I'm just moving money in and out of my pocket with no book. So the biggest problem is not really the theft or the wastage by themselves, it's that I'm blind, I can't see any of them to fix them.

What I'll do first is buy a simple book and start writing everything — every kilo of meat, every basket of matoke, the oil, the charcoal — and on the other side count the plates we serve at buffet and the fried chicken orders in the evening. After two weeks I'll sit down and compare, because until I see those numbers side by side I'm just guessing and blaming people unfairly. If I can catch even one leak, maybe I'll finally understand why the busy months still leave my pocket empty.",167
P023,integrated,5111,1159,"**CAUSE:** All three readings point to one truth: you're chasing more volume before your best product is worth defending. The oven limit is real, and low-margin bread does eat your weekend space — but the deepest problem is that your cakes look like everyone else's on Instagram, so scaling up (by loan or by freeing space) just means selling more cakes into a price war. Fix the pricing power first; capacity spending only makes sense once each cake reliably earns a premium.

**PREDICTION:** If this is correct, you'll notice customers asking your price first and haggling, weekend enquiries rarely becoming orders without a discount, and your oven often full of bread while premium cake orders slip away.

**NEXT STEP:** Your priority should be making your cakes stand out — a signature style, flavour, or reliability no other Instagram baker offers — then raising cake prices and cutting the tightest-margin bread. Track for one month whether hig","Eh, this advice really made me pause. I always assumed my problem was just the oven and space, but when I think about it, it's true that on Instagram my cakes look like almost every other baker in Kampala, and yes, people do ask my price first and then start bargaining. Maybe the real issue is that I haven't given people a reason to pay more for a Peace cake specifically. 

So instead of rushing to hire someone or squeeze in another oven, I think I'll first work on my signature — maybe a special flavour or a design style that becomes known as mine — and then push up my cake prices while slowly cutting back on the bread that fills my oven for very little profit. If I can earn more per cake without needing more space, that's smarter than borrowing money to just bake more of the same. Let me test it for a month and see if the weekend enquiries actually turn into paying orders.",169
P028,competing,30235,5918,"**CAUSE:** You cannot predict when buses arrive and bring crowds. Some days you overcook and waste food; other days you sell out early and lose customers to neighbours. **PREDICTION:** Your busy days will line up with certain buses arriving, and slow days with those buses being delayed or cancelled. **NEXT STEP:** Ask the drivers and conductors each morning which buses are coming, and write down arrivals against how much you sell.

---

**CAUSE:** Your food is almost the same as the three women beside you, so anyone you turn away simply switches and never returns. You have nothing that ties a customer to you, so each mistake loses them for good. **PREDICTION:** The travelers and drivers you turn away won't come back the next day looking for you. **NEXT STEP:** Give regular drivers and workers a reason to wait — greet them by name and keep their usual plate aside.

---

**CAUSE:** You cook everything in fixed batches, but meat and fish spoil fast while posho and beans keep well. Your waste is mostly the perishable, expensive plates dying. **PREDICTION:** Most of your evening waste will be meat, fish and matoke, not the posho and beans. **NEXT STEP:** Cook staples in large batches, but prepare meat and fish in small portions only as paying customers arrive.","Eh, these three all make sense to me but the last one talks straight to my pocket. When I throw away food in the evening, it is not the posho and beans hurting me - those I can even keep for morning. It is the chicken and fish, the expensive things, that spoil and take my money with them. So me I think the first thing is to cook plenty posho and beans like always, but the meat and fish I will only fry small small as the ones who can pay come and ask for it.

The bus one is also good advice, and it costs me nothing to greet the conductors in the morning and ask which buses are coming - I will start that too. But if I fix the meat waste first, at least I stop losing money every evening while I learn the bus days slowly slowly.",152
P032,single,15294,2676,"**CAUSE:** Your problem is fundamentally a cooling gap. You told me directly that you cannot keep juice fresh ""without a good fridge, because the power keeps going off in Soroti,"" so when electricity is gone for hours, ""the juice spoils and the ice melts."" You are also spending money buying ice from a nearby shop, which shows you have no reliable cold storage of your own to hold stock through outages.

**PREDICTION:** If this diagnosis is correct, you should see that your losses happen almost entirely on days with long power cuts, and on days with steady power (or when your bought ice lasts), your juice stays fresh and you rarely throw stock away.

**NEXT STEP:** Your priority should be getting reliable cooling that works during outages — for example a solar-powered chest fridge or a good cooler box with insulation, so ice lasts longer. Compare the cost of this against what you now spend on ice and lost","Yes, this advice is correct — my biggest problem is really the cooling. When the power stays off for long, that is when I lose the most, my ice melts and the juice goes warm, and customers walk away disappointed. What caught my attention is the idea of a solar-powered fridge, because a generator needs fuel every day and that would eat my little profit fast, but the sun here in Soroti is always strong.

The one thing I still need to check is the price — a solar fridge might cost a lot upfront, and my capital is small. So my next step is to go around and ask the prices of a small solar chest fridge or even a good insulated cooler box, then compare that against what I now spend on ice every week plus the stock I throw away. If the numbers show I am losing more to ice and spoilage over a few months, then I will save up or look for a loan for the solar option.",173
P038,integrated,4087,887,"**CAUSE:** All three point at credit, but the real wound is thin profit meeting loose collection. Your prices are set so low that a few shillings per rolex or tea leaves no cushion — so the moment a customer delays with no fixed payday, you're empty by morning. Weak food differentiation matters, but it's the *reason* you can't refuse credit, not the reason you run short. The core problem: tiny margins plus undated debts means even normal delays drain you.

**PREDICTION:** If this is correct, you'll see that even on days when most customers pay cash, you still barely scrape together enough to restock the next morning.

**NEXT STEP:** Your priority should be to work out the exact cost and selling price of each item this week — find where you're earning almost nothing — then raise those prices slightly while giving every credit customer a fixed payday written in your notebook. Fix the margin first; the payment date protects it.","Eh, this thing about my margins being too thin, it's touching something true. Even on good days when many people pay cash, by evening I've bought tomatoes, flour, charcoal, and my hand is empty again — so maybe the problem isn't only the credit, it's that my rolex and tea are almost giving me nothing.

But I'll be honest, raising prices frightens me small, because these vendors know exactly what one chapati costs and they can walk to the next woman quickly. Still, I think the payday idea is the smart part — if I write in my book that Mama Sarah pays every Saturday and Musa pays month-end, then I'm not just hoping, I'm planning.

So this week I'll sit down one evening and count properly what each plate costs me to make, because right now I'm just cooking by feeling. Then I'll add a little where I'm losing, maybe on the lunch meals more than the tea, and fix everyone a paying day in the noteb",168
P042,competing,4796,1138,"**CAUSE:** Your margin shrinks because you pay retail prices for flour and oil, buying small amounts since you lack storage and capital. A bulk chapati maker at your volume should pay wholesale, not kiosk prices. **PREDICTION:** You'll see your per-sack flour and per-jerrycan oil prices match what small households pay, with no volume discount. **NEXT STEP:** Negotiate a fixed wholesale or credit deal directly with a miller or oil distributor, pooling orders with another baker if needed to hit their minimum.

---

**CAUSE:** Your customers are shopkeepers and kiosks who resell at locked street prices, so any shilling you add eats their tiny margin and they refuse. You built your business on the one customer type that structurally can't accept a price rise. **PREDICTION:** Your offices and school canteens, who don't resell at fixed prices, will complain far less than shops and kiosks do. **NEXT STEP:** Shift more sales toward offices, canteens, and events that pay for staff or students directly and set their own budgets.

---

**CAUSE:** Your model earns pennies per piece, so you have no cushion when costs move. As you said, ""some days I'm almost working for nothing"" — any spike, not just this one, wipes out your margin. **PREDICTION:** You'll notice even slight input price wobbles swing your profit wildly between good days and near-zero days. **NEXT STEP:** Add higher-margin products or premium versions — thicker chapati, stuffed mandazi, special orders — so part of your income survives cost swings.","The one that hit me hardest is that I'm paying almost the same price for flour and oil as someone buying for their home kitchen, even though I go through so much every day. That's the real wound — if I can sit down with a miller in Kikuubo, maybe together with another baker I know who also makes chapati, we might reach their minimum and get a proper wholesale price. That alone could save me more than shaving off chapati size, which scares me because my shopkeepers will notice and start grumbling.

But I also can't ignore that I built everything on kiosks who resell at fixed prices, so they can never accept when I go up — the offices and school canteens are easier because they just set their own budget. So my plan is: first fix my buying by chasing a direct deal with a miller, then slowly push to serve more offices and maybe try a few special stuffed mandazi for those who can pay a bit more. I want to stop being at the mercy of every price jump.",184
P048,single,10043,1790,"**CAUSE:** You said ""there are several eating places around Kalerwe with similar food and prices,"" and that ""customers move to wherever the food is fresh and the serving is generous that day."" This tells me the lunch crowd is a fixed pool of market workers, traders and boda riders, and you and your neighbours are all fighting over the same limited group at the same hour. You feel ""stuck at the same income level year after year"" because the midday market itself is full — there simply aren't more lunch customers to win.

**PREDICTION:** If this is correct, you should see that on busy days you gain customers only when a nearby restaurant runs out or serves poorly — your good days come from their bad days, not from new faces arriving.

**NEXT STEP:** Your priority should be to earn from times or customers the lunch pool can't give you — test evening supper demand and weekend catering seriously, since growing beyond lunch is the only way past a market that is already full.","Eh, that part about my good days coming from my neighbour's bad days — that one hit me hard, because it's true. When Mama Grace burns her beans or runs out of fish, that's the day my plates finish quickly, and I never really thought about it that way before. So the real problem is not that I'm cooking badly, it's that the lunch crowd is already full and all of us are just sharing the same tired pool of traders and boda men.

So my next move is to stop dreaming about a bigger space that I can't afford and put my energy into this catering thing I already started on weekends — that's fresh money the lunch crowd cannot give me. I want to talk to some of the SACCO groups and churches around here who hold functions, and maybe test one or two evening plates for the traders who close late, just to see if the supper demand is really there before I spend money on more staff.",171
P053,integrated,7525,1661,"**CAUSE:** All three point to the same underlying truth: your smoothie is a ""spare cash"" treat bought by one group — students who happen to be nearby. The seasonal crash isn't really about holidays; it's that your entire income rests on students with loose change and nowhere else to go. Saving money would soften the blow, but it won't fix why sales vanish the moment students are broke or gone. The root cause is that you have no customer who buys because they truly value your product, not just because they're stuck near campus.

**PREDICTION:** If this is right, you'll see sales swing wildly with student cash — spiking at payday and exams, collapsing when they're broke — even during the semester, and your 5000 UGX smoothie losing to a 1000 UGX soda whenever money is tight.

**NEXT STEP:** Your priority should be building a steady base of year-round office and resident buyers through a regular lunch-delivery order — people who choose","Eh, this thing about my customers being students who are just ""stuck near campus"" — that hit me somewhere. Because it's true, when the students are around and their pockets have money, everybody wants my mango smoothie, but the moment their money finishes even during term time, they choose a soda from the kiosk. So the real problem is not the holidays, it's that I don't have customers who buy because they actually value what I make.

So I think the smart move now is to seriously chase the office people around Wandegeya, because those ones work all year and they get salaries — they don't go home for holidays. I would maybe start with two or three offices I already know, offer them a weekly lunch order for fruit salad or smoothies, and use a boda I trust to deliver so I don't have to close the bar. That way even when campus is empty, I still have money coming in and I won't be eating my savings like a hungry man again.",174
P059,competing,36758,6896,"**CAUSE:** Your customer numbers swing day-to-day for reasons you can't control. Rain and slow market days change how many vendors, riders, and porters show up, so no past pattern holds. **PREDICTION:** Even on days that should be busy, sudden rain or a slow market will wreck your count with no weekly pattern to trust. **NEXT STEP:** Cook a safe base amount that always sells, keeping quick items like beans or posho ready to add fast when the rush surprises you.

---

**CAUSE:** Your trap is committing all your food to the pot before anyone arrives. Once it's cooked you can't adjust, so you either waste plenty or run out during the lunch rush. **PREDICTION:** Your worst losses happen because food was already fully cooked and sitting, not because you couldn't have made more. **NEXT STEP:** Cook in smaller waves through the rush, starting modest and cooking fresh batches as customers actually arrive.

---

**CAUSE:** A wrong guess costs you everything because you have no fridge. Leftovers spoil overnight, so the best you can do is sell them cheap in the evening. **PREDICTION:** Your losses come almost entirely from food spoiling overnight, not from any single busy or slow day. **NEXT STEP:** Find cold storage — a shared or second-hand fridge, or a cool box with ice — so leftover matoke and beans survive to sell tomorrow.","Eh, when I read all three, the second one touched me most. It's true — my big mistake is putting everything in the pot early in the morning before even one customer has come. By the time I see how the day is going, the food is already cooked and I can't take it back.

So what I will do is start cooking in smaller batches, especially the matoke and meat that spoil fast. I'll keep my beans and posho ready to add quick when I see the vendors and boda men coming in strong around midday. The fridge idea is nice but I don't have that money now, so cooking in waves is something I can start tomorrow without spending anything.",122
P063,single,5477,1110,"**CAUSE:** Your problem is a real physical limit, not poor planning. You said it plainly: you ""mix everything by hand and use a small oven, so I can only make a limited amount each day."" When a big cake order and your daily bread demand land together, one person with these tools simply cannot produce both — the equipment caps your output, and waking up early only trades your health and quality for a few extra units.

**PREDICTION:** If this is the true cause, you will notice that even on days when you plan perfectly and waste no time, you still hit the same daily ceiling — the oven and your hands are always full, and orders pile up beyond what those tools can physically handle.

**NEXT STEP:** Your priority should be adding baking capacity — start by pricing a larger oven and a mixer, then calculate how many extra cakes and bread loaves you'd need to sell each week to cover the higher rent and repayments before you commit.","The advice is right that my hands and my small oven are the real block — no matter how early I wake, I still hit the same wall by mid-morning. But before I rush to buy a big oven and take on more rent, I think my most urgent problem is the mixer, honestly. Mixing by hand is what eats most of my time and tires me out, and a mixer is cheaper than a whole new oven plus space. So my next step is to price a good dough mixer first, see how many more loaves and cakes I can push through my current oven once the mixing is faster, and only then decide if the bigger oven and space are worth the risk.",125
P068,integrated,5918,1158,"**CAUSE:** All three readings point to the same root problem: you have no accurate record of what each sale should earn, so you can't tell if money is really missing at all. The tension is whether the gap comes from unrecorded cash, giveaways and big portions, or simply from comparing two guesses. Resolve it this way — until you count exact sales at exact prices, you cannot know which is true. Right now you're comparing a ""busy feeling"" against a rough ingredient count, and that will always feel wrong.

**PREDICTION:** If this is correct, once you record every rolex, plate, and chapati at its real price for two weeks, the ""missing money"" will shrink dramatically — and any gap that remains will point clearly to either giveaways or theft.

**NEXT STEP:** Your priority should be a simple tally or receipt book where every worker marks each item sold; at night, multiply items by price and check against the cash box, plus fixed recipes so","The advice makes sense to me, especially the part about how I'm just comparing a busy feeling against a rough egg count. That's true — I don't actually know what each night is supposed to bring in, so how can I say money is missing? The most important problem is that I have no proper system, so I can't tell if these boys are stealing or if I'm just guessing badly.

So my next step is to get a tally book where each worker marks down every rolex, plate of chips, and piece of chicken they sell. At the end of the night I multiply by my prices and check it against the cash box. If I do this for two weeks before opening my second stand, at least I'll know the truth instead of suspecting everyone for nothing.",139
P075,competing,3697,938,"**CAUSE:** Your product tastes better, but the packaging looks homemade next to trusted Kampala brands. On the shelf, customers can't taste — they judge by looks, and without UNBS certification and barcodes, good supermarkets won't stock you. **PREDICTION:** When people taste your product at events or small shops, they buy and prefer it, but on the shelf the Kampala brand wins. **NEXT STEP:** Finish UNBS certification and get proper labels with barcodes, starting with one flagship product to control costs.

---

**CAUSE:** The supermarket shelf rewards familiarity, not quality, so even perfect labels put you beside giants customers already know and trust. Your real wins come where people taste your food and know it's local — events and tourists buying gifts. **PREDICTION:** Your sales per effort are far higher at events and with tourists than in supermarkets, where goods sit long and pay slowly. **NEXT STEP:** Double down on the local-gift channel — tourist spots, hotels, and craft markets — where being small and authentically Fort Portal is a strength.

---

**CAUSE:** You're draining scarce cash on certification and fancy labels to chase shelves the Kampala brands already own. Meanwhile you starve the tourist-gift market that already prefers your authentic, handmade-looking Fort Portal products. **PREDICTION:** Every shilling put into supermarkets pays back slowly, while tourist and event sales bring quick cash and higher margins with your current look. **NEXT STEP:** Redirect the certification money toward reaching tourists directly at hotels, craft shops, and lodges, with packaging that celebrates local and handmade.","These readings really got me thinking differently. The first one just tells me what I already know — finish UNBS, get the barcodes, chase the shelf. But those other two, eh, they surprised me because they're saying my ""homemade"" look, the thing I've been ashamed of, could actually be my strength with the tourists who want something real from Fort Portal.

I think my real problem is I've been spending all my energy and small money fighting the Kampala brands on their own ground, where I'll always look poor next to them. So my next step is I will keep the UNBS process going slowly in the background — because I do want big supermarkets one day — but for now I'll put my energy and cash into the hotels, lodges, and craft shops here where tourists pass, and make packaging that proudly says ""handmade in Fort Portal."" That's where I get quick cash and better prices, and it lets me grow without pretending to be something I'm not yet.",170
P078,single,10525,2390,"**CAUSE:** Your biggest problem, in your own words, is the power. When UMEME cuts electricity your blender stops and your fruits in the fridge start going bad — you said if power goes for two days ""everything spoils and I throw it away."" This blackout directly eats your profit, and even your workaround of buying smaller amounts costs you more per market trip. The unreliable power is the root of the loss.

**PREDICTION:** If this is correct, you should see that your worst-profit weeks line up exactly with the weeks UMEME had the longest or most frequent blackouts, and your good weeks are the ones where power stayed on.

**NEXT STEP:** Your priority should be getting a solar setup with a battery sized to run your fridge and blender — visit a solar dealer in Mbarara, tell them your fridge and blender wattage, and ask for a system that keeps the fridge cold through a two-day blackout. Start with ke","Yes, the power is really my biggest headache, the advice got that right. The part about my bad weeks matching the blackout weeks — that is true, I never wrote it down but I can feel it in my pocket when UMEME goes for long.

But I have to be honest, this solar advice sounds good on paper but a full setup with a battery big enough for my fridge is very expensive for me. Maybe I start smaller — I can ask the solar dealer near the market just about a battery that keeps the fridge cold, because the fridge is what kills me most when fruits spoil. The blender I can even do by hand for a short time if I must, but the fridge cannot wait.

So my next step is to go and ask prices, and maybe I first solve just the cooling before I dream of running everything on solar.",155
P082,integrated,2870,591,"**CAUSE:** All three advisors circle the same truth from different angles: your customers are actually predictable regulars, so the real problem isn't guessing numbers — it's that you commit everything to big early pots with no way to hold what's unsold. When the rush hits, the high-margin meat and chicken run short while the big pots of matoke, posho, and rice sit cooling toward waste. The tension resolves like this: prediction won't save you if you still cook one giant batch you can't store, so the root cause is your all-at-once cooking method, not the crowd.

**PREDICTION:** If this is correct, you'll see your smaller-batch foods — beans and order-cooked meat — almost never spoil, while the big early pots of matoke, rice, and posho are exactly what's thrown away each evening.

**NEXT STEP:** Your priority should be to cook the staples in two or three smaller batches through the lunch window instead of one early p","You know, when I read this I had to sit and think, because it makes sense. It's true - the beans I cook big and they never go bad, but the matoke and posho I cook one big pot in the morning and by evening it's just sitting there getting cold and wasted. I already started cooking meat in small batches, so why not do the same with the matoke and rice? 

So what I will do now is stop cooking everything in one big morning pot. I'll cook the first batch of matoke and posho before the one o'clock rush, then start a second pot when I see the place filling up, so the food is still fresh and I'm not throwing away plates every evening.",127
P084,competing,3342,762,"**CAUSE:** You sell the exact same rolex as every stand right next to you. With nothing different, students leave the moment you raise prices by 200 shillings. **PREDICTION:** Whenever a nearby stand drops its price, your customers drift there, and no one waits specifically for you. **NEXT STEP:** Create a signature rolex — extra egg, special sauce, bigger size — so students come for yours.

---

**CAUSE:** You buy flour and oil in small retail amounts, so you pay the highest price per unit. Your costs are high because you have no buying power, not just because prices rose. **PREDICTION:** A shop buying flour by the sack clearly pays less per kilo and keeps more profit on the same rolex. **NEXT STEP:** Team up with two or three nearby stands to buy flour and oil together in bulk from a wholesaler.

---

**CAUSE:** You built everything around students, who want it cheap and fast and punish any price rise. But you also serve boda riders and workers who have cash and won't leave over 200 shillings. **PREDICTION:** The riders and workers rarely complain about price — they just want good food fast. **NEXT STEP:** Build a bigger, higher-priced special rolex for the riders and workers during busy evening hours.","Eh, all three make sense in their own way, but the one that hit me hardest is the one about the students punishing me for any price rise. That is my daily reality — I raise 200 and they walk two steps to Mama Sarah's stand like I don't exist. But you know, the third advice about the boda riders and workers is what I keep thinking about, because those men come in the evening tired and hungry and they don't stand there arguing over 500 shillings the way a student does. So what I will do is make a big special rolex — two eggs, some avocado and a little kachumbari — and push it hard in the evening for the riders and workers, while keeping my normal cheap one for the students. That way I stop fighting to raise the price on people who will never accept it, and I earn more from the ones who actually have the money.",162
P092,single,11252,2013,"**CAUSE:** Your bread goes ""hard or moldy in two days"" while the branded loaves last longer because the big bakeries add preservatives and use a different formulation that slows spoiling. You said yourself you ""don't use the preservatives the big bakeries use"" — that missing chemistry is exactly why mold appears fast and the dough dries out, no matter how well you wrap it.

**PREDICTION:** If this is the real cause, you will see mold and hardness appear on the same timeline even when the bread is wrapped perfectly and delivered fresh in small amounts — because the problem is inside the loaf, not in the packaging or the sitting time.

**NEXT STEP:** Your priority should be to change what goes into the dough: get a food-safe bread preservative (like calcium propionate, sold for bakers) and adjust your recipe with more fat or sugar that helps retain moisture. Bake two batches — one with the pre","Honestly, this advice makes sense to me because I have always suspected the preservatives were the real difference. Even when I wrap the bread nicely in the new plastic, the shops still tell me it hardens by the second day, so like they said, the problem must be inside the loaf, not just the packaging. My most important problem right now is these returns eating my profit — I cannot keep giving shops loaves I don't get paid for.

What I will do next is find where I can buy this calcium propionate here in Kampala, maybe from the baking supply shops near the industrial area, and try baking two batches to compare like they suggested. I also want to add a little more fat or sugar to see if that keeps it soft longer. But I have to be careful — I need to make sure it is safe and that my customers don't feel I am now putting chemicals in their bread.",164
P098,integrated,5214,1194,"**CAUSE:** All three readings point to the same simple truth: your yoghurt spoils because it sits too long in conditions that cannot keep it cold. The recipe and the shops' weak fridges both matter, but neither is worth fixing until you know which shops actually lose bottles and why. The clearest starting point is timing — you are dropping more bottles than each shop can sell before they turn, and in a town of unreliable power, slow-selling stock is guaranteed to spoil.

**PREDICTION:** If this is correct, you will see that the shops returning the most spoiled bottles are the ones that got your biggest deliveries and sell slowly, while small drops and your direct cooler-box sales rarely come back — no matter the fridge.

**NEXT STEP:** Your priority should be to match each delivery to how fast that shop truly sells: cut batch sizes, deliver smaller amounts more often, and lean on your direct","The advice makes sense, and honestly it points to something I hadn't thought about clearly before — it's not just about which shops have fridges, it's about how much I'm dropping versus how fast each shop actually sells. Some of my biggest returns come from shops where I leave many bottles thinking I'm making a big sale, but then they sit too long even if the fridge is okay. So the most important problem right now is matching my deliveries to the real selling speed of each shop, not just the fridge situation.

What I'll do next is start keeping a small notebook — track how many bottles each shop takes and how many come back spoiled over a few weeks. That way I can see clearly who to keep supplying, who to give smaller drops, and where the cooler-box direct sales work best. If I know my numbers, I stop guessing and my brand stops getting blamed for spoilage that's really about how the stock is moving.",168
P103,competing,8111,1109,"**CAUSE:** You buy fruit at retail through middlemen, so when passion fruit doubles in dry season you have no cheaper source or backup. You have no buffer stock and no locked-in supply. **PREDICTION:** Your margins stay fine right after a cheap harvest, and the squeeze only appears in dry season. **NEXT STEP:** Freeze pulp during cheap months and share transport from Mpigi with the two nearby juice ladies.

---

**CAUSE:** Customers see your fresh juice as the same as Splash or the other ladies, so raising prices makes them walk away or say the bottle shrank. They think packaged juice is safer, so they don't value what makes yours different. **PREDICTION:** Even when you explain it's fresh with no additives, customers still compare your price to Splash. **NEXT STEP:** Label bottles ""fresh, no additives, made today"" and tell the health story to gym-goers and mothers.

---

**CAUSE:** Your income depends on walk-by crowds who vanish when it rains, so you have no steady base when fruit prices jump. Only your bulk orders for meetings and parties ignore the weather. **PREDICTION:** In weeks with good bulk orders a price rise barely hurts, but rainy weeks wipe out your profit. **NEXT STEP:** Chase bulk orders from offices, churches, and event planners with a simple price-per-bottle deal.","All three make sense in their own way, but honestly the one that hit me hardest is the last one about depending too much on people walking by. When it rains, my day is just dead - I can be standing there with fruit going bad and no one comes. The freezing pulp idea I already had in mind, and I like the transport-sharing with the other juice ladies because alone I can't fill a truck from Mpigi. But if I'm being honest, chasing bulk orders from offices and churches feels like the thing that could actually give me money I can count on, rain or shine - so I think I'll start there, maybe print a small price list and take it to two or three offices near my stall this week.",133
P105,single,17533,3538,"**CAUSE:** Your real problem is that you have no committed customers to forecast in the first place. As you said yourself, there are ""seven on my street alone"" all selling the same food at the same price, so customers ""just go to whoever is nearest or whose food they liked last time."" These are interchangeable walk-ins — a boda rider or market person picks the closest kibanda that day, so the number who choose you is genuinely random and cannot be predicted no matter how carefully you count.

**PREDICTION:** If this is correct, you will notice that even when you ask regulars in the morning and they promise to come, the actual faces at lunch keep changing — the same people rarely return two or three days in a row, and your morning promises don't match who actually shows up.

**NEXT STEP:** Your priority should be giving customers a reason to choose *you* specifically — a loyalty deal, a signature dish, or remembering names — so you build regulars instead of guessing at","Eh, this advice made me think differently, but I don't fully agree. The person is right that my street has seven of us cooking the same matoke and beans, and yes, many faces do change day to day. But I know some of my customers by name already — the boda men from the stage, they do come often, so it's not all random like they say.

Still, the point about giving people a reason to choose me, that one touched me. Maybe instead of just asking ""are you coming?"" I should make one thing that people talk about — my groundnut sauce for the greens is good, people always finish it. If I make myself known for that, then maybe I stop guessing and start having people who plan to come to Fatuma's, not just whoever is nearest.

So my next step is to build those regulars first, then the counting and the fridge will make more sense after.",160
P111,integrated,4409,994,"**CAUSE:** All three readings point at Saturday, but they disagree on why it hurts. The deepest issue isn't that you can't bake enough cakes — it's *which* cakes fill your one oven. You're spending Saturday on five low-value birthday and cupcake orders where cheap home bakers undercut you, which physically blocks the wedding cakes you yourself say ""bring the most money."" Empty weekdays are a symptom of this same crowding: your whole business is jammed into one low-margin day.

**PREDICTION:** If this is correct, you'll see that a single wedding cake earns more than the several small orders that ate the same Saturday hours — and that most weekends you turned away at least one wedding because cupcakes filled your oven first.

**NEXT STEP:** Your priority should be protecting Saturday for high-paying wedding cakes: pre-bake and freeze layers Monday to Thursday so weekends","Eh, this one made me think differently, I won't lie. I was so focused on just baking *more* cakes that I never sat down to ask myself which cakes are actually worth my Saturday. It's true that a wedding cake can bring me more than four birthday cupcakes combined, but those small orders keep piling in and I just take them because they come first on WhatsApp. So the real problem isn't only my one oven — it's that I'm letting the low-money orders block the big ones.

What I'll do first is start freezing my cake layers Monday to Thursday like I planned, but I'll also keep some Saturday slots open specifically for weddings instead of filling up with every cupcake request that comes. Let me track for a month how much each order type actually earns me per hour — I have a feeling the numbers will surprise me. Then the weekday bread and office snacks can come in to keep the oven busy and pay my daily bills while I protect the weekends for the real money.

",180
P117,competing,3564,840,"**CAUSE:** Every stand sells the same rolex at the same price, so it comes down to whose chapati is softer and who serves faster. When your product looks identical, no one accepts a 200-shilling difference. **PREDICTION:** When you raised your price, customers left instantly because they got the same thing cheaper next door. **NEXT STEP:** Make your rolex clearly different — name your egg-and-cabbage ""special"" and make it visibly bigger so customers see why it costs more.

---

**CAUSE:** Your flour and oil costs rose and your profit shrank, but you buy small amounts at retail, paying household prices. Since the selling price is fixed by neighboring stands, the only place to protect profit is what you pay for ingredients. **PREDICTION:** Compared to a wholesaler, you're spending noticeably more per chapati than you need to. **NEXT STEP:** Buy flour and oil in bulk, pooling money with nearby stands for a wholesale sack, so your cost per rolex drops.

---

**CAUSE:** You sell one standard rolex to everyone at the same low price, yet your best customers are young people buying after drinking on weekends — hungry, happy, not counting shillings. Treating them like a careful student wastes money they'd gladly pay. **PREDICTION:** Your weekend late-night crowd rarely complains about price, while daytime students grumble loudest. **NEXT STEP:** Introduce a bigger ""special"" priced high for the weekend drinking crowd, keeping the standard rolex for price-sensitive workers.","The way I see it, all three are pointing at something I already felt but couldn't put into words. My real trouble is that everyone sells the same rolex for the same price, so I have no room to breathe when flour and oil climb. But that last one struck me hardest — my weekend drinking crowd is happy and hungry, they don't stand there counting coins like the students do. So I will push my bigger ""special"" rolex with extra egg and cabbage, and name it something the young ones will shout for after drinking, while keeping the plain one for the boda riders and night workers who watch their money. And I'll still go find other stand owners near me to buy a sack of flour together, because even a small drop in what I pay is money in my pocket at the end of the night.",149
P123,single,11569,1947,"**CAUSE:** Your real problem is that your tonto and malwa are just like everyone else's — you even said your regulars ""switch to whoever's brew is fresher and stronger."" Because there's nothing that ties them to *you* specifically, the only way you can hold onto them is by giving credit. Credit isn't your weakness; it's the only hook you have because the drink itself gives you no other pull.

**PREDICTION:** If this is correct, you should see that the customers who owe you the most are also the ones who drink elsewhere whenever another place has a fresher batch — meaning even your credit isn't truly buying loyalty, just delaying the switch.

**NEXT STEP:** Your priority should be building a reason for customers to choose you beyond the drink itself — for example, making your food or your spot the thing they can't get next door, so you keep them without needing to hand out credit. Once they come for something only you offer, you can refuse credit without","Eh, this advice is partly right but it misses my real headache. Yes, my tonto is like the next woman's tonto, I won't lie, but my true problem is this book of debtors that keeps swelling while my capital dries up. The idea of making my place the one they can't leave — that I like, because honestly my food is already good, my luwombo and my katogo bring people, so maybe I lean into that harder, maybe add better seating and keep the place lively so they come for the whole evening, not just the drink. But I'm not going to wait to fix that before I control the credit — I'll do both, because if I keep serving on empty promises I'll have no money left to even buy millet for brewing. So my next step stays my limit and my book in front of them, but now I'll also push my food and my spot as the reason they stay with me.",165
P128,integrated,10507,1696,"**CAUSE:** All three readings point at one knot: you buy fruit before you know who will buy it, and whatever you don't sell rots within a day. The disagreement is whether demand is random or just unmeasured — but you don't need to settle that first. What ties everything together is timing: your loss comes from committing money to perishable fruit ahead of confirmed sales.

**PREDICTION:** If this is right, you'll notice your worst-loss days are days you guessed high on how many customers would come — the fruit didn't sell and spoiled by the next morning, rather than customers being turned away.

**NEXT STEP:** Your priority should be starting the WhatsApp pre-orders you already planned — have regular office and gym customers order and pay by MTN the evening before, so you buy only what's already sold. While doing this, note the day and weather on each order so patterns can guide your walk-in stock too.","The way they put it makes sense to me — my money is dying in the fruit before anyone even buys it. That's the real problem, not just that customers jump around. I think I will start the WhatsApp pre-orders with my regular gym people and the office ladies, because those ones come almost every day and they can pay me on MTN the night before. Then in the morning I only buy what is already paid for, and whatever extra I stock for walk-ins I can keep small until I see the pattern. The weather idea is smart also, because I've noticed on rainy days almost nobody passes by, so I lose plenty then.",115
P133,competing,4948,1205,"**CAUSE:** Five other sellers within walking distance all charge the same 1,500 plain and 2,000 with egg. Customers ""refuse"" your 200 raise only because they can walk next door and pay the old price. **PREDICTION:** When you charge more, customers won't argue — they'll quietly buy from one of the other four sellers. **NEXT STEP:** Offer something they don't, like your sausage rolex, so your price isn't compared to the 1,500 next door.

---

**CAUSE:** You buy oil, flour, and eggs in tiny amounts at whatever price the day brings, so every spike hits you fully. You can't afford to stock up when prices are low, so you have no cushion. **PREDICTION:** On days you buy cheap, your profit is fine at 1,500 — the pain only comes when you're forced to buy small at high prices. **NEXT STEP:** Set aside a fixed amount each good evening until you can buy a full jerrican of oil and a sack of flour when prices drop.

---

**CAUSE:** Your whole menu is the same plain rolex and 2,000 chapati that five others sell at identical prices. Because nothing is special, customers judge only on price and refuse even 200 more. **PREDICTION:** You'll notice customers already pay 2,000 for egg and extras without complaint — they resist the plain price, not a clearly better rolex. **NEXT STEP:** Build one signature rolex with sausage, avocado, or special sauce, priced at 3,000, so customers choose it for taste.","You know, reading all this together, the thing that hit me hardest is how they all point to the same truth in different ways — my rolex is exactly the same as the four other sellers, so the customer only sees price. That first one is right, when I try to add 200 they don't argue, they just walk to Mama Sarah's stall next to the market and I lose them completely. So I think my most important problem is that I have nothing special to make people come to ME.

What I will do first is start my sausage rolex properly, maybe add some kachumbari or a good sauce, and price it separately at 3,000 so nobody is comparing it to the plain 1,500 one. That way when oil jumps, the extras carry my profit instead of the plain rolex where I am fighting for every coin. The stocking up idea is good too but honestly I don't have that money yet, so first let me earn better with the special rolex, then I can save small-small for a full jerrican like they said.",185
P137,single,3941,964,"**CAUSE:** Your problem is where you are, not how you cook or serve. You told me your customers are office workers, shop attendants, and passersby in the town center, and that it is packed from 12 to 2pm then dead the rest of the day. That is because Amber Court is a daytime work zone — once people leave their offices, there is simply nobody around to feed in the evening, which is why you said ""very few people come in the evening in this area.""

**PREDICTION:** If this diagnosis is correct, you should see that the streets and nearby offices are almost empty after 5pm, and no restaurant near you — not even the good ones — has an evening crowd.

**NEXT STEP:** Your priority should be to follow your customers instead of waiting for them. Start delivering food to the offices during their working hours, and add breakfast for early workers, so you earn during the hours people are actually present in this area rather than paying for empty evenings.","Yes, this makes sense to me. The truth is that after 5pm this whole area empties out — even the bigger places nearby don't bother much with supper because who would they be cooking for? So the real problem isn't my food, it's that I'm paying rent and paying my staff for a full day but only making money for two hours at lunch.

So I think I should stop fighting the evening and instead do more during the hours people are actually here. I'll start with takeaway deliveries to the offices, because those workers are already my lunch customers and some days they are too busy to come down — if I bring the matoke and beans to them, I capture that. And breakfast could work too, since people arrive early and want tea, chapati, something small before they start work.

Explanation: [# Interview Notes\n\nSubject appears to be...]

I appreciate the honest push to follow my customers instead of waiting for them.",163
P141,integrated,3915,948,"**CAUSE:** Your real problem is that low-value mandazi work is eating the hours you need for high-paying cakes. The oven matters, but you already bake both now, so the machine isn't the true wall — your time is. And the deepest issue isn't just being busy: it's that you're spending your best mornings on mandazi that trickles in small money while turning away wedding cakes worth 60,000 to 200,000 each. The bottleneck is your hands *and* the choice to keep giving them to the wrong job.

**PREDICTION:** If this is correct, you'll find that a whole month of mandazi income is less than one or two wedding cakes you refused that same month.

**NEXT STEP:** Your priority should be hiring one part-time person to handle the mandazi now, so you free your mornings to accept one wedding order you'd normally refuse. If that single cake earns more than the helper costs, you'll know it's working — and can then consider","The advice made me sit and think properly. When I count it, one wedding cake can bring 100,000 or more, but a whole week of mandazi maybe gives me 40,000 after buying flour and oil - so yes, my hands are stuck on the small money while the big orders run away. So the real problem is not the oven like I thought first, it is that I am the only pair of hands and I keep using them on mandazi in the morning when I should be free for cakes.

What I will do is find one person - maybe a girl from my area who already knows how to fry mandazi - to start part-time, just for the daily mandazi. Then I will accept the next wedding order I would have turned down and see clearly if that one cake pays her and still leaves me profit. If it works, then I save for the bigger oven; but let me first prove it with the helper before I put my little savings into a machine.",177
P145,competing,4860,881,"**CAUSE:** Your costs are built around tourist-level spending, but locals simply spend less per head. No lunch special or wifi closes that gap. **PREDICTION:** Even on busy weekday afternoons full of locals, your takings won't cover rent, staff, and supplies, while a few tourists on a slow day will. **NEXT STEP:** Cut fixed costs — smaller rent, leaner staff, fewer perishables — so locals alone can cover break-even.

---

**CAUSE:** Your shop is built for tourists — takeaway beans, one-off visitors, tourist-season thinking. Locals spend little because nothing gives them a reason to come back three or four times a week. **PREDICTION:** Most locals visit once and rarely return, treating you as a treat rather than a daily habit. **NEXT STEP:** Create everyday reasons to return — an affordable regular's lunch, a recognized cheap coffee price, and a loyalty card.

---

**CAUSE:** The hotels capture tourists at check-in, feeding them coffee and meals before they ever reach you. You're getting almost none of the tourist money flowing through Fort Portal. **PREDICTION:** Even in peak season, only budget or self-guided travelers enter, while tour groups and lodge guests never appear. **NEXT STEP:** Partner with tour drivers, guides, and smaller lodges to send guests your way or stock your beans.","These three really pulled me in different directions, but they made me see something I hadn't thought about clearly. The first one worried me most honestly — the idea that even a shop full of locals won't cover my rent and staff cuts deep, because that is exactly what I feel at the end of a slow month. But I don't fully agree that cutting everything to the bone is the answer, because if I go too lean I lose the nice atmosphere that brings tourists back and makes me proud of my place.

The real problem, when I sit with it, is that I have built everything around people who come once and disappear. So my next step is to fix my costs first — look hard at my rent and how much food I throw away — while at the same time giving locals a reason to become regulars, like a fair lunch price and a loyalty card. And that third point about the hotels grabbing tourists before they reach me, that stung because it's true; I will start talking to a few tour drivers and guides I know, because getting even a handful sending guests my way would change everything.",203
P149,single,5623,1279,"**CAUSE:** Your revenue collapses ""for weeks"" during holidays, strikes, and lockdowns because, as you said yourself, ""my customers are students"" and ""I have no other type of customer to fall back on."" When ""Wandegeya empties out completely,"" the problem isn't your katogo, rice, or 3,500 shilling prices — the food still sells fine when students are present. The real weakness is that your entire customer base rises and falls with the university calendar.

**PREDICTION:** If this diagnosis is correct, you should see your sales stay strong right up until the day the university closes, then crash almost overnight — and bounce back the moment students return, without you changing anything about your menu or prices.

**NEXT STEP:** Your priority should be building a steady base of non-student customers — the ""office workers and shop attendants"" you mentioned — starting now, while students are still here. Begin lunchtime deliveries to nearby offices this month so those","Honestly, the advice just confirmed what I already suspected in my heart — my whole business lives and dies with Makerere's calendar. When those students are around, my katogo and rice sell beautifully, but the moment they close, Wandegeya becomes a ghost town and I'm still paying rent and my two workers with nothing coming in.

So the most important problem is that I only have one type of customer, and I need to fix that before the next holiday hits me. What I'll do is start knocking on doors at the nearby offices and shops right now while students are still here, offering them lunch delivery so they get used to my food. That way when the students disappear, at least the office people keep me going instead of my sales dropping to zero for weeks.

My only worry is finding the time and maybe a boda rider to handle deliveries while I'm still cooking for the eatery, but I'd rather struggle with that than keep watching my money vanish every holiday.",173
P006,single,7897,1477,"**CAUSE:** Your core problem is a dishonest supplier. You told me your Kampala supplier ""sometimes sends me screens that are labelled original but they are not"" — that is not an accident, it's mislabeling. He knows the screens are counterfeit, prints ""original"" on them, and charges you the genuine price, leaving you to discover the truth only after installation when the customer returns to complain.

**PREDICTION:** If this diagnosis is correct, you should see that the ""genuine"" screens fail at roughly the same rate as the cheap fake ones your competitors use, and that some batches are fine while others fail — meaning the supplier is mixing in fakes when he thinks he can get away with it.

**NEXT STEP:** Your priority should be to test and replace the supplier. Before installing, check each screen against known signs of a genuine part (packaging, serial numbers, brightness, touch response), and move your orders to a trusted sup","Yeah, that advice is spot on about the supplier. This guy in Kampala, I've been buying from him for over a year, and now I'm starting to see he's mixing fakes in with the real ones — some batches are perfect, others fail within two weeks. The most important problem is exactly that: I'm paying for original screens but getting cheated, and my customers blame me, not him.

What I'll do next is start testing every screen before I install it — checking the packaging, serial numbers and touch response like they said. But honestly, the bigger move is finding a new supplier even if it costs more, because right now I'm losing customers to guys who are actually cheaper than me. Once I trust my parts, then I can give that warranty and win back my reputation.",138
P009,integrated,9245,1918,"**CAUSE:** Your three worries are really one problem seen from different angles. The deepest cause is timing: your customers — market women and young ladies — only have cash on weekends and month-end, so your chairs sit empty midweek no matter how good your braids are. The ""switching to cheaper shops"" happens *because* money is tight that week, and the long gaps between visits happen *because* braids last weeks and there is nothing else pulling them in. Timing is the root; loyalty and price are just symptoms of it.

**PREDICTION:** If this is correct, you will see that even your happiest customers stay away on mid-month weekdays, and when they do come, it clusters tightly around pay days — not spread evenly.

**NEXT STEP:** Your priority should be filling those empty weekdays with small, cheap, repeatable services — edge touch-ups, quick washes, nail work, or a save-and-pay-later plan — so customers have a","Eh, this advice made me think differently. Before I was blaming my prices or thinking maybe my work is not good enough, but the truth is my ladies here in Kalerwe simply don't have money midweek — they wait for month end or that weekend after being paid. So it's not that they run to another salon because they are unhappy, it's that the pocket is empty.

The most important thing now is to fill those quiet Monday-to-Thursday chairs with small, cheap things people can afford anytime — like nail work, quick washes, or edge touch-ups that don't cost much. I think I will also try a small save-and-pay plan so a customer can put down a little now and finish paying at month end, that way she comes back to me instead of going elsewhere. Let me start using my WhatsApp to push these cheap midweek services and see if the numbers spread out better.",156
P010,competing,4560,978,"**CAUSE:** Gulu is packed with boda riders, app ones, and cheap fuel guzzlers all fighting for the same passengers. So the low deposits are likely real — some days there just isn't enough work. **PREDICTION:** Even on your own bike, your daily net will swing below 30,000 on the same bad days your rider reports. **NEXT STEP:** Track your own earnings for two weeks against his, then set a deposit that flexes with real conditions.

---

**CAUSE:** The problem is your deal structure, not the man. You said you can't track what he made, so hiding income above the deposit is simply the smart move for him. **PREDICTION:** His ""bad days"" and ""bike problems"" will cluster on busy times like market day or month-end, not on genuinely slow periods. **NEXT STEP:** Switch to the fixed daily rental you already proposed, in writing, so his honesty stops mattering.

---

**CAUSE:** You can't verify his takings, and you don't truly know your own numbers either. You guess ""maybe 30,000"" but keep no record of trips, fuel, or repairs. **PREDICTION:** When you sit down to set a fair deposit, you won't be able to name a solid figure. **NEXT STEP:** Track your own bike for two weeks — every fare, fuel, and repair — before setting any deposit.","Eh, these three all touch something true, but the second one really hit me hard. That rider is not stupid — if he knows I cannot see what he collects, why would he bring me the full amount? The structure is the problem, not just his character. 

But I also see sense in tracking my own bike first, because honestly I have been guessing my numbers. So my plan now is this: for two weeks I write down every trip, fuel, and any repair on my own boda, so I know what a real day looks like here in Gulu — market days, month-end, all of it. Then I set him a fixed daily rental in writing, based on those real figures, and his honesty stops being my headache. That way I protect my asset without fighting with the man every evening.",142
P017,single,4066,954,"**CAUSE:** Your problem is a real limit on how much you can physically produce. You told me it's ""just me and one machine sometimes breaks down,"" so when many orders arrive before a function season, there simply aren't enough hands or working machines to finish them all on time. This isn't about poor planning — even with honest dates, one person on two machines (one unreliable) can only sew so many gomesis and uniforms in a week.

**PREDICTION:** If this is correct, you should see that even the orders where you gave realistic, honest dates still run late during peak weeks, and the delays cluster exactly when your machine breaks down or when many jobs land at once.

**NEXT STEP:** Your priority should be increasing your actual production capacity: get the unreliable machine repaired or replaced first, then bring in an assistant for the peak season only. Track how many garments you finish per day so you know exactly how many orders you can safely accept.","Eh, when I read this it made me stop and think properly. The truth is my biggest problem is that machine that keeps breaking down — I have been ignoring it, telling myself I will fix it ""next month,"" but it always fails me exactly when I have plenty of gomesis to finish before a wedding. So my first thing is to take it to the fundi in Wandegeya and get it working properly, or maybe save small-small to replace it, because two working machines is better than one bad one.

The idea of hiring an assistant only for peak season is smart, I like that — I was fearing the wages in the quiet months, but if I bring someone just when the church functions and school terms are coming, then I don't carry that cost the whole year. And I will start writing down how many pieces I actually finish in a day, because me I have been promising dates from my head, not from real numbers.",169
P021,integrated,8495,1489,"**CAUSE:** All three point at the same wound from different angles — but the deepest cause is that you have no money of your own standing behind the business. Weak payment terms and cash-tight clients both hurt, yet even a fair deposit or a stricter contract won't save you if a single delayed balance drains everything, as you said: ""when a client delays payment I can't take the next job because my capital is stuck."" The client segment and the paperwork are real, but they only bite so hard *because* you have no cushion to absorb one slow payer.

**PREDICTION:** If this is correct, you'll see that even when a client pays a fair deposit, one late balance still stops you from buying ingredients for the next job — the freeze happens no matter how good the terms are.

**NEXT STEP:** Your priority should be building the working capital reserve you mentioned — set aside a fixed cut from every function until you can fully fund one event without touching any client's payment.","The advice makes sense to me because it's true - even when I get a good deposit, if that one client delays the balance, my money is stuck and I can't move to the next function. So the real problem is I don't have my own money sitting behind the business to keep me going when someone delays.

So I think I need to do both things, but the reserve is the one that actually protects me. What I'll do is start cutting a small percentage from every function I do - even if it's just a portion of my profit - and keep it separate, not touch it, until I have enough to fund one whole event on my own.

That way when a wedding client delays their balance for two weeks, I don't have to refuse the next kwanjula job. The deposit terms I'll still tighten because it helps, but I now see that alone won't save me if I have nothing behind me.",166
P027,competing,3394,832,"**CAUSE:** Customers can't tell your genuine screens and batteries from fakes when they choose a repairer. The failure only shows weeks later, long after they picked the cheapest shop. **PREDICTION:** Customers who leave never ask why your part costs more — they just compare price and only realise the difference when their phone breaks again. **NEXT STEP:** Show the original packaging and brand markings, and point out the signs of fakes, so buyers see quality before deciding.

---

**CAUSE:** Near the Gulu taxi park, your customers are boda riders and students counting every shilling. Calling you ""expensive"" isn't confusion — a genuine screen simply costs more than they can spare. **PREDICTION:** Even customers who know your parts last longer will still pick the cheap fix, because that is what fits their pocket today. **NEXT STEP:** Stock a cheaper tier of parts to keep these customers, saving genuine parts for the few who can truly afford them.

---

**CAUSE:** You do genuine work, but nothing marks you out from the four or five other repairers nearby. Even customers who return can't credit the good experience to you specifically. **PREDICTION:** Returning customers won't recall your shop's name or recommend you by name — they just ""come back to that place near the park."" **NEXT STEP:** Build a recognisable identity — a shop name, sign, receipts, and a warranty card customers keep.","The first advice hit me hardest — my customers really cannot see the difference between my genuine screen and the fake ones the cheap guys use. To them, a screen is a screen until it cracks again in two weeks. So my most important problem is that quality is invisible at the moment they choose.

What I will do is start showing people the original packaging and the brand markings before they decide, so they see with their own eyes what they are paying for. I like the idea of a warranty card they can keep, because right now my two-week warranty is just talk — nothing they hold in their hand. 

On the cheaper parts, I am not fully convinced. If I start stocking fakes too, then even I become ""the same as the others,"" and I lose the one thing that makes me different. Maybe I keep genuine as my main work and only offer a cheaper option honestly, telling the customer clearly it will not last as long.",171
P030,single,13455,2891,"**CAUSE:** Your whole salon is built around students — you offer ""trendy styles"" done ""fast because they are busy with lectures,"" and you're known as the place near Makerere for young students. Working women don't feel this space is for them; they want more mature styles, a calmer experience, and to feel respected as professionals, not rushed like a student between lectures. You even said yourself you don't know why they ""don't come as much"" — it's because your image signals ""student salon,"" not ""location or prices.""

**PREDICTION:** If this is correct, you should notice that the few working women who do come rarely return, and when local women pass by they look but walk on to salons that feel more grown-up — even ones charging similar prices.

**NEXT STEP:** Your priority should be creating a clear ""for working women"" offering — display photos of elegant, professional styles, offer relaxed appointment times, and speak to nearby working women directly about what styles and service they want, then adjust your salon's look","Eh, this advice made me think differently. I always blamed my prices or the location, but maybe the real problem is that my salon just screams ""student place"" — the fast styles, the young crowd, everything says this is for the campus girls. Now that I read it, it's true that the few working women who come don't return, and I have seen them peep and then walk to that salon down the road.

So my most important problem is that I depend too much on students, and I have not given working women a reason to feel this is their place. What I would do next is talk to some of the working women around Wandegeya — the ones in shops and offices nearby — and ask them directly what styles they want and what time suits them, maybe after 5pm or on weekends. Then I can put nice photos of mature, professional styles on my WhatsApp status instead of only the trendy student ones, and slowly build customers who will keep me busy even when Makerere closes.",179
P035,integrated,7867,1446,"**CAUSE:** All three readings point to one truth: your future is in deliveries, not passengers — but the sharpest issue right now is which limit is actually costing you money. You said shops ""call me regularly,"" yet you also have slow days. That means you're not yet full enough to need a second bike (Diagnosis 3), nor are you truly losing to sales weakness alone (Diagnosis 1). The real root cause is that you still split your effort with a passenger business you can't win, so your delivery work stays part-time and uneven instead of becoming a reliable, full day.

**PREDICTION:** If this is correct, you'll see that your slow days are passenger days — when deliveries are steady, one bike keeps you busy and paid better.

**NEXT STEP:** Your priority should be going all-in on deliveries: sign up 3-5 shops with fixed daily pickup times to fill your week, and only save toward a second motorcycle once you","The advice makes sense to me, especially the part about how I'm dividing myself between passengers and deliveries. When I really think about it, my slow days are usually the ones where I'm just waiting at the stage hoping for passengers, while the delivery days keep me moving and earning more. So the biggest problem is that I'm still treating deliveries like a side thing when it should be my main business.

What I'll do next is go to those shops around Naalya and try to lock in fixed pickup times — like agreeing I come every morning at a set hour for their parcels — so I have something guaranteed instead of just waiting for WhatsApp to buzz. About the second motorcycle, I think I was rushing; better to fill my own days first with 3 or 4 steady shops before I put money into another bike. The savings group is still good, but now I see it's for later, not now.",163
P041,competing,3435,852,"**CAUSE:** Suppliers sell you timber that looks dry but later warps. The fault is at purchase — dealers pass off badly seasoned wood as ready to use, not your workshop skills. **PREDICTION:** Timber you dry for weeks still warps because it was already spoiled when bought. **NEXT STEP:** Buy a moisture meter and make your two dealers pass a dryness check before every sale.

---

**CAUSE:** You judge dryness by eye, but eyes cannot see water inside wood. Keeping timber ""for some weeks"" is guessing, not controlled drying, so warping continues even from good suppliers. **PREDICTION:** Even timber from your reliable dealers warps, and pieces dried longer still bend. **NEXT STEP:** Buy a moisture meter, learn the correct dryness number, and only cut timber once it reads dry.

---

**CAUSE:** You said good hardwood ""has become very expensive and hard to find."" Even with perfect drying, you chase a vanishing material while imported furniture undercuts you. **PREDICTION:** Hardwood prices keep climbing, dealers offer poorer young wood, and your profit shrinks despite careful drying. **NEXT STEP:** Add products using plywood, engineered board, or softwoods so newlyweds and offices get affordable furniture without scarce hardwood.","These three readings really got me thinking, especially the point about my eyes fooling me. The truth is I have been guessing when I look at timber and say ""this one is dry"" — even the wood I keep in the workshop for weeks I am just estimating by touch and by how it looks. So my most important problem right now is that I cannot actually measure the dryness of the timber, and that is where the warping is coming from, whether the dealer cheated me or the wood just needs more time.

So my next step is to get one of these moisture meters they are talking about, because then I can test what my two dealers bring me before I pay, and also test my own stored timber before I cut it for a customer's bed or cupboard. The third advice about plywood and engineered board is interesting for the newlyweds who want cheaper furniture, but honestly my Jinja customers, especially hotels, still want solid hardwood — so I will keep that idea for later once I have first fixed this drying problem that is spoiling my name.",191
P044,single,6782,1529,"**CAUSE:** Your real problem is that you don't have enough working capital to buy fabric and thread for big orders. You said it yourself: ""I need money upfront to buy all the fabric and thread, but customers only give a small deposit. So I use my own little savings."" The size of your savings, not your customers, sets the limit on how big an order you can safely take.

**PREDICTION:** If this is correct, you should see that whenever an order is bigger than your savings, you feel a cash squeeze — even with well-behaved customers who pay on time. Small orders never trap you; only orders that exceed your own money do.

**NEXT STEP:** Your priority should be building a separate materials fund — through a savings group (VSLA), a small supplier credit arrangement, or setting aside a fixed share of every job — so you can float fabric costs without depending on deposits. This lets you accept big group orders without risking your survival money.","The advice makes sense to me, but I think it only tells half the story. Yes, my small savings is what limits me, that part is true — when the order is bigger than what I have, that's when I get stuck even with good customers. But the deposit problem is still real, because when a customer reduces her order or delays, I'm left holding fabric I bought with my own money, and no fund fixes that risk completely.

So for me the most important thing right now is building that materials fund the way they said. I'm already in a VSLA here in the market, so I will start borrowing from there for big function orders instead of eating my own survival money — that way if a customer disappoints me, at least my personal savings are not finished. And I'll keep asking for half payment, but now I won't panic and lose the customer, because I'll have another source of money to fall back on.",167
P052,integrated,11344,2372,"**CAUSE:** All three point at the same Kampala pipeline, but from different angles — too little stock, one unreliable source, and broken promises. The deepest cause is the broken promise, because it's the only thing you fully control right now. You can't quickly fix your small capital or find a new supplier overnight, but you can stop telling customers ""two days"" when you know parts take a week. The delay costs you some profit; the false promise costs you trust and the customer entirely.

**PREDICTION:** If this is correct, you should see that the jobs ending in shouting are almost always the ones where you promised two days — while customers given an honest week-long timeline wait calmly, even for the same repair.

**NEXT STEP:** Your priority should be to quote honest timelines: for any part you must order from Kampala, promise ""five to seven days,"" and only say ""two days"" for models you already stock. Meanwhile, track your top jobs for one month so you can slowly p","You know, that advice hit me somewhere I didn't want to look. I've been blaming Kampala this whole time - the transport, the delays, the wrong parts - but the truth is I'm the one telling the boda rider ""come back Thursday"" when I know deep down that screen won't reach Gulu by Thursday. So the real problem isn't just the stock or the supplier, it's that I keep making promises to keep the customer happy in that moment, and then I lose them completely when the phone isn't ready.

What I'll do now is start being straight with people - if I have to order that Tecno screen from Kampala, I tell them five to seven days, plain like that. And I'll keep a small notebook to write down which phones people bring most, so after one month I can see clearly what I should stock and stop guessing with my small capital. If someone waits calm for a week because I was honest, that's better than someone shouting in my shop and telling all the boda boys not to come to Okello.",184
P055,competing,4425,951,"**CAUSE:** Your workers get a flat wage with no share of what they bring in. Once skilled, they see they can earn 30,000–80,000 per client on their own. **PREDICTION:** The ones who leave will always be your best and busiest, quitting right when their skills peak. **NEXT STEP:** Offer a commission on top of the base wage so each girl keeps a share of every job.

---

**CAUSE:** Clients become loyal to the individual girl, not your salon. You even plan to serve top clients yourself to keep them, which proves loyalty follows the person. **PREDICTION:** When a girl leaves, the exact clients she served disappear and ask for her by name. **NEXT STEP:** Rotate clients between workers and run all bookings and loyalty cards in the salon's name, so no girl owns a client.

---

**CAUSE:** Nothing binds workers to you beyond a monthly wage — no contract, no ownership, no promotion. Once ""a girl is good,"" opening her own place nearby is her obvious next step up. **PREDICTION:** Girls leave after they feel fully trained, and none stay long even when treated well. **NEXT STEP:** Give trained workers a real future — a written agreement, a senior role, or a small share of the salon.","Eh, when I read all three, the one that really touched me is the second one — that my clients are loyal to the girl and not to Achieng's salon. That is true, because even me I try to keep the big clients myself, so I am just admitting the same thing! So maybe the smartest thing is to make sure bookings and the loyalty cards are in my salon's name, and I rotate the ladies so no one girl owns a customer. But honestly the commission idea also makes sense, because if a girl is earning well with me, why should she rush to open her own place nearby? I think I will start small — mix the commission with rotating clients — because paying better alone won't help if the customer still walks out following the girl.",139
P060,single,4954,1147,"**CAUSE:** Your real problem is the shape of your payment to the boss, not how much you earn. You told me you ""pay him a fixed amount every day whether business is good or bad,"" so on slow days or when it rains, you ""still owe him the same money"" and go home ""in loss."" A cost that does not bend when demand falls will always eat your savings, because it punishes you hardest on your worst days.

**PREDICTION:** If this is the real cause, you should see that your losing days are almost always the low-trip or rainy days, and that on busy days you actually keep a decent amount — the money problem comes and goes with the weather and demand, not with your effort.

**NEXT STEP:** Your priority should be renegotiating the deal with your boss into something that flexes — for example a percentage of daily earnings or a lower rate on rainy days — or finding a boss who offers such terms, so bad days no longer wipe you out.","Eh, this thing they've written about the payment being fixed — that part is true, I feel it most when the rain comes and I sit under a shed the whole afternoon with no passenger, but my boss still wants his full money by evening. So yes, the biggest problem is that the daily payment doesn't bend, it just eats me on the bad days.

But me I'm not sure my boss will agree to this percentage idea. These bosses, they like their fixed money because it's easy for them and they don't want to hear stories about rain. What I can try is talk to him about maybe paying less on the days it rains heavily, and at the same time I keep pushing hard on my regular customers who call me directly, because those trips come rain or shine and that's what will actually help me save small small to one day buy my own machine.",158
P065,integrated,7310,973,"**CAUSE:** All three point at the same knot from different sides: you have nothing you're known for (Diagnosis 1), only one product that pays and it vanishes most of the year (Diagnosis 2), and the daily repairs eat every shilling before you can build anything else (Diagnosis 3). The deepest cause is the third: you already know the fix — ready-made clothes — but survival work swallows the time and money to start. The competition and product-mix problems are real, but they only persist because you can never break free to act.

**PREDICTION:** If this is correct, you'll notice that every time you plan to buy fabric or sew a sample, a small 2,000-shilling repair pulls you back and the money disappears into rent and thread.

**NEXT STEP:** Your priority should be to ring-fence a little time and cash each week — even one afternoon and a small fabric budget — to sew a few ready-made ladies' dresses that become the special","The AI put its finger on something I feel every day but never named properly — I am drowning in small repairs and they eat all my thread money and time before I can ever start something bigger. That is the real problem: not that ready-made clothes are a bad idea, but that I never have the space to actually begin because a 2,000-shilling patch job always pulls me back to the machine.

So what I will do is force myself to keep Thursday afternoons closed to repairs and use a small amount from each week to buy fabric for maybe two or three ladies' dresses. I know the styles my customers already ask for when they bring fabric — those bright gomesi-inspired kitenge dresses move well — so I will start there instead of guessing. If I can hang even a few finished pieces at my stall, people will start knowing me for something, and that is worth more than chasing every small job in Owino.",167
P071,competing,5838,1172,"**CAUSE:** Your prices cover food, staff, and equipment but not the weeks you wait to be paid. You borrow to fund that gap, so slow NGO jobs quietly cost more than you charged. **PREDICTION:** Quick-paying jobs leave good profit, while slow NGO workshops leave almost nothing after repaying loans. **NEXT STEP:** Charge a higher per-plate price for clients who pay weeks after the event.

---

**CAUSE:** You are chasing the wrong customers. NGO workshops pay only weeks after the event and you cannot change their slow processes, yet families and churches who can pay upfront are treated as equally worth taking. **PREDICTION:** Your worst cash squeezes and costliest borrowing come almost entirely from NGO and office jobs. **NEXT STEP:** Fill your calendar with fast-paying weddings, funerals, and church functions, taking NGO jobs only when they prepay.

---

**CAUSE:** Your squeeze comes from paying everyone at the start while clients pay at the end. You buy food, hire staff, and rent equipment upfront, so you carry the whole gap alone. **PREDICTION:** Your borrowing roughly equals what you spend on ingredients, wages, and rental before each event. **NEXT STEP:** Arrange credit with suppliers and pay staff and renters only after the client pays you.","All three make sense to me, but the one that touches my real trouble is the last one — I am paying everybody upfront while I wait for the client to pay at the end. If I could buy ingredients from my suppliers on credit and pay my casual workers and the equipment people only after the client clears me, that gap would not sit on my shoulders alone. I know some of my regular suppliers in the market already trust me, so I will start there and talk to them about giving me food now and paying after the function. For the NGOs I will still push for prepayment, but changing how I pay my own side feels like something I can actually control without losing jobs to competitors.",130
P077,single,2562,613,"**CAUSE:** Your problem is a sourcing failure. In your own words, you are ""ordering blindly"" from Kampala suppliers who sometimes send ""fake copies that fail within two weeks."" Because you have no trusted dealer who stands behind their parts, you cannot tell good screens from bad ones before you install them — so the fake-screen problem lands on you and ruins your name.

**PREDICTION:** If this is correct, you should see that the screens failing are not random — they cluster around certain suppliers or batches. When you buy from one particular source, more customers come back angry within two weeks than when you buy from another.

**NEXT STEP:** Your priority should be to travel to Kampala as you planned, but go to build one relationship with a dealer who will guarantee his screens and take back any that fail early. Ask other repair shops in Gulu which supplier they trust, and test a small batch before committing to buying regularly from that person.

","Eh, this thing about tracking which supplier gives me the bad screens — that one is true and I never thought to write it down properly. I just remember in my head ""this batch was bad"" but I don't have real records. The biggest problem is still that I cannot trust what comes from Kampala, so my name gets spoiled for something I did not do wrong.

So what I will do first, before even travelling, is start keeping a small book — which screen came from which supplier, and which customer came back complaining. That way when I go to Kampala I go with evidence, not just guessing. And yes, I will ask the other repair guys near the market who they trust, because we all suffer this same wound but nobody sits down to compare notes.",138
P080,integrated,2811,639,"**CAUSE:** All three readings are true at once, but they stack in a clear order. The deepest problem is Diagnosis 3's point — braiding is a skill with no walls, so anyone can copy it from a living room. But that only hurts *you specifically* because of Diagnosis 2's flaw: your clients follow a pair of hands, not your salon's name. Fix the ownership of clients first, and the copying problem shrinks from a threat into background noise.

**PREDICTION:** If this is correct, you'll see clients booking a specific girl by name and following her when she leaves — while a rival home setup run by a stranger with no ex-clients of yours barely dents your bookings.

**NEXT STEP:** Your priority should be making clients loyal to your salon, not to hands: rotate girls across customers so no one ""owns"" a client, and give your best girls a profit share so their strongest reason to stay is money, not loyalty.

","The part about clients following the hands, not the salon — that hit me hard, because it's exactly what happens. When Sarah left last year, almost all the ladies she used to braid just disappeared to her place. So yes, the real problem is that my customers feel loyal to a particular girl, not to Peace's Salon.

The rotating idea makes sense to me, but I'm honestly worried the clients will complain — some ladies are stubborn, they only want ""their"" girl because they trust how she parts the hair. Maybe I start slowly, doing the booking under the salon name so it's the salon that answers the phone and assigns who is free that day. And on the commission, I think I'll try it with the better of my two girls first, because losing a little profit is cheaper than losing half my customers again.",146
P087,competing,5130,1117,"**CAUSE:** You cannot see what riders actually earn. They blame slow days or bike problems to pay you less, and you have no independent record to check them. **PREDICTION:** The ""bad days"" and breakdowns will cluster when you're away and vanish when you ride near them. **NEXT STEP:** Make daily earnings verifiable — require a trip-logging app or have shops pay you directly.

---

**CAUSE:** Riders don't care for bikes that aren't theirs, so machines break down and repairs eat your profit. They get the daily use while you pay every repair bill. **PREDICTION:** Your own bike, which you maintain, will break down and cost far less than the two rented ones at similar mileage. **NEXT STEP:** Tie repair costs to riders through cost-sharing or a rent-to-own clause covering neglect damage.

---

**CAUSE:** SafeBoda and other app riders are undercutting fares and taking passengers in Fort Portal. Your riders genuinely earn less now, so the shortfall is real, not an excuse. **PREDICTION:** Your own honest daily earnings will also drop over these months, especially on passenger trips. **NEXT STEP:** Shift toward deliveries — lock in regular shop contracts that app riders don't serve.","The first two make more sense to me than the third one, honestly. This SafeBoda talk - here in Fort Portal that app is not really strong like in Kampala, so I don't believe my riders are earning less because of some app. My real problem is what the first advice said: I cannot see what my riders actually collect, so when they say ""business was slow"" or ""the bike had a problem,"" I am just believing their mouth.

So my next step is I will start with the shops - let them pay me directly for the deliveries instead of the money passing through the rider's hand, because that part I can verify. And for the bikes breaking down, I like that idea of putting it in the rent-to-own agreement that if they damage the machine through carelessness, they carry that cost, so I don't collect my daily money and still end up with a dead bike.",158
P088,single,15291,2504,"**CAUSE:** Every product you sell is tied to a calendar event. Custom outfits depend on ""functions"" and the ""wedding season,"" school uniforms come only ""during the term opening,"" and even your ready pieces cater to the same event-driven buyers. You have no revenue line that people need every single week regardless of the season, so when the calendar goes quiet, all your income dries up at once — there is nothing left running underneath.

**PREDICTION:** If this is correct, you should see that your busy and slow months line up almost exactly with the school and wedding calendar every year, and that the small repairs and adjustments — the one thing people need any time — bring in only tiny, occasional amounts because you have never built them into a real service.

**NEXT STEP:** Your priority should be to build a steady, everyday income line that ignores the calendar — actively promote quick repairs, alterations, zip and button fixes at set prices, so cash keeps trickling in during","This advice made me stop and think, because it is true — everything I sell is waiting for a wedding or a school term to happen. The repairs and adjustments come in small small amounts, but I never treated them as a real business, just something I do quickly for a walk-in when they ask. So the most important problem is that I have nothing bringing in money every week when the functions are quiet.

What I would do next is take those repairs and alterations seriously — put up a clear price list for zips, buttons, hems, taking in dresses, and tell people in the area that I do quick fixes any day. That way even in the dead months, small cash keeps coming to help with rent and to pay my helper. I still like the idea of teaching classes, but that takes time to set up, while the repairs I can start pushing tomorrow.",157
P096,integrated,8976,1801,"**CAUSE:** All three point to the same knot: your money is made in catering, but you keep tripping over the equipment side. The deepest cause is that you treat owned tents and chairs as the thing you must scale — so peak Saturdays force you to either turn away good catering jobs or rent at a loss. The real fix isn't more equipment or exiting rental overnight; it's separating the two so equipment serves your catering, not the reverse. Pricing and sub-rental deals are how you make that separation work.

**PREDICTION:** If this is correct, you should see that your double-booked Saturdays earn the same rates as quiet ones, and that your rental fees barely cover their costs once idle days and repairs are counted — while catering margins stay strong on every job.

**NEXT STEP:** Your priority should be to set a clear Saturday premium price and, at that higher rate, lock in a fixed-price sub-rental supplier for peak","The advice hit something I hadn't fully seen — that I've been treating the tents and chairs like they are the heart of my business when really the money is in the food. Honestly, when I sit and think about it, those idle chairs on quiet weekends and the wear and tear during transport probably eat whatever I make from renting them out. So the biggest problem is that the equipment side is dragging down the part that actually pays me, the catering.

What I'll do next is start charging a proper Saturday premium — right now I charge almost the same whether it's a busy weekend or a slow one, which makes no sense. And I want to sit down with one reliable tent supplier and agree on a fixed price so I know my costs before I even quote a client, instead of scrambling and losing profit at the last minute. That way I stop turning down good catering jobs just because I'm short on chairs.",168
P102,competing,34357,6536,"**CAUSE:** You cannot tell fake parts from real ones until they fail, so bad screens from your Kampala suppliers enter your shop before you ever price or talk to customers. This is a sourcing failure at the point of purchase. **PREDICTION:** Failing parts will cluster around specific suppliers or batches, and your two warranty suppliers will give far fewer returns. **NEXT STEP:** Record supplier, batch, and date for every part, then log failures to find and cut the fakes.

---

**CAUSE:** Six years of good work haven't built a reputation that lets you charge fair prices. You already solved sourcing with two warranty suppliers, but their higher prices leave you unable to compete with cheap shops. **PREDICTION:** Customers who return after a cheap shop fails will pay you more the second time, having learned your repairs last. **NEXT STEP:** Give a written warranty card with every genuine-part repair and ask happy returning customers to send friends.

---

**CAUSE:** Customers blame your work, not the part, because you fit screens without first explaining ""original versus copy"" or promising a warranty. Until now they had no way to understand why a cheap part failed. **PREDICTION:** The loudest complainers are the ones you never warned, while customers you did explain to accept failures calmly. **NEXT STEP:** Before every repair, agree spoken-and-written on part type, price, and warranty period the customer signs.","These three explanations all touch something true, but reading them together made me see the real problem clearly. My biggest issue is not just the fake parts coming from Kampala - it is that I have no proof or record. When a customer comes back angry after two months, I have nothing to show whether it was the part or my work, and I cannot even trace which supplier or batch it came from.

So the first thing I will do is start writing everything down - supplier name, date, and what type of part I fitted, then mark down when something fails. After some months I will actually know which supplier is cheating me, and I can cut them without guessing. And I like the idea of a small warranty card the customer keeps, because then when they come back complaining, we both look at the paper and there is no more blaming my hands. That way even if the price is higher, they see they are paying for something real that lasts.",174
P107,single,5092,1250,"**CAUSE:** All your money comes from the same kind of customer doing the same thing: young women and working ladies getting their hair done for functions and at month-end. Your services, your extensions, your gels—everything depends on people having cash and an occasion at the same moment. When it's mid-month with no functions, nobody has a reason or the money to come, so you sit two days empty. You have no income that arrives regardless of the calendar.

**PREDICTION:** If this is right, you'll notice that even your product sales (sprays, gels, extensions) dry up in the middle of the month too—not just the braiding and weaves—because those buyers are the very same function-and-payday customers.

**NEXT STEP:** Your priority should be building one income stream that pays you on a steady rhythm, not on occasions—for example, a monthly ""maintenance"" subscription where a set of regular clients pay a fixed amount each month for scheduled mid-month touch-","The part about all my money coming from the same kind of customer at the same moment really hit me. I never thought of it that way, but it's true — even when I sell gel or spray, it's the same function ladies buying, so the middle of the month everything goes quiet together. The most important problem is that I have no money coming in that doesn't depend on someone having a function and cash at once.

That subscription idea is interesting. I think I would pick maybe ten of my regular working ladies and offer them a fixed monthly price for a mid-month touch-up — like retwisting or a simple wash and style — so they come on a day I choose, not a payday. That way I have something to plan around and I can pay my helper steadily instead of borrowing every slow week. I'll test it first with the ladies already in my WhatsApp group since they trust my work.",165
P110,integrated,7123,1289,"**CAUSE:** All three point to a real weakness, but they line up in order of depth. The careless rider (Diagnosis 1) is a real symptom, and your loose agreement (Diagnosis 2) is why you keep absorbing his losses — but both assume the daily fee is still earnable. The deeper truth is Diagnosis 3: with SafeBoda, Bolt, and price-comparing customers pushing fares down, your daily amount was built for an older, richer market. A careless rider simply breaks first under that strain; a tighter contract would just squeeze a rider who genuinely can't earn what you're asking.

**PREDICTION:** If this is correct, you'll notice even your good rider is quietly working longer hours to hit the same daily fee — and any replacement will slowly fall behind too.

**NEXT STEP:** Your priority should be to recalculate the daily fee against today's real fares, then rewrite the","The AI makes an interesting point, but honestly I don't fully agree that my daily fee is the main problem. My good rider pays me well and even keeps something for himself, so the amount is earnable — the issue is that one careless guy, not the whole market. If the fee were too high, both of them would be struggling, but only one is failing.

So my most important problem is really that second rider who is bleeding me money on repairs and still not paying. What I'll do next is finish tracking these daily payments for maybe two more weeks so I have proof, then I sit him down with a proper written agreement. If he still can't come right, I take the bike back and give it to someone serious — I already have one or two riders in mind around Wandegeya who have been asking.",149
P115,competing,31200,6315,"**CAUSE:** You don't have enough equipment to finish the work you accept. With one machine and a borrowed overlock, you physically can't produce enough dresses and uniforms by the same date during school season. **PREDICTION:** On days you fall behind, your machine and the overlock run non-stop with no idle time. **NEXT STEP:** Get a second machine and your own overlock, and until then partner with another tailor for overflow.

---

**CAUSE:** You have no way to track what you've already promised and by when. You accept each job without checking your existing workload, so too many land on the same day. **PREDICTION:** Your machine actually sits idle some hours, yet you still miss deadlines because jobs bunched on one date. **NEXT STEP:** Keep a notebook or wall chart of every order, its deadline, and hours needed, and only accept a date with open time.

---

**CAUSE:** You treat a quick repair and a high-value gomesi order as equally deserving of a slot, because you fear turning customers away. Cheap fast repairs crowd out the profitable dresses that build your name. **PREDICTION:** The customers who get angry and pull their material are often your bigger, better-paying clients. **NEXT STEP:** Rank jobs by value and urgency, reserve slots for high-value dresses, and take repairs only in leftover time.","The three papers made me think hard, and honestly the second one hit me most. It's true that I don't write down what I have already promised — I just say ""yes, come Friday"" to everybody standing in front of me, and then Friday comes and I have five gomesi and three uniforms all wanting to be ready. The machine problem is real, yes, and I'm still saving for my own overlock, but even if I buy it today I will still overpromise if I keep everything in my head. So my next step is small but I can do it now: I'm buying a notebook this week and writing every order with the deadline, and before I promise any date I check what's already there. The machine can wait for my savings, but the notebook fixes the shame of disappointing people who trusted me with their material.",148
P122,single,11180,1958,"**CAUSE:** Your core problem is that everything you sell depends on events that only happen in certain months. As you said, ""everything happens around December, and the wedding and introduction months, then for long stretches there's almost nothing."" Weddings, graduations and introductions genuinely cluster on a fixed calendar you cannot change, so your whole product category has no natural demand in the off-season. The seasonality is baked into what you sell, not into how you sell it.

**PREDICTION:** If this is correct, you should see that even your best marketing and lowest prices bring almost no bookings in the dry months, because the events simply are not happening — the demand disappears, not just the customers choosing competitors.

**NEXT STEP:** Your priority should be building real non-event income that doesn't wait for ceremonies — chase steady work like product photography for shops, passport photos, and printing and framing, and sign small businesses to regular monthly photo work so money comes","The AI is right that the problem is in what I sell, not how I sell it. No amount of cheap prices or posters will make people get married in March if the season is December — those events just aren't happening, so the demand truly vanishes. So my most important problem is that my whole income depends on ceremonies that follow a fixed calendar I cannot move.

What I'll do next is push hard on the non-event work, especially signing shops here in Mbarara Central Market to regular monthly photo jobs — product photos for their online selling, updated pictures, that kind of thing. If I can get even five or six businesses paying me every month, plus passport photos and framing, that steady cash keeps my equipment working and helps me hold onto at least one good helper through the dry months instead of starting fresh every December.",150
P127,integrated,7190,1185,"**CAUSE:** All three readings point to the same underlying weakness from different angles: you have no reliable way to know a screen is good until it is already in a customer's phone. Yes, buying from whoever is cheapest keeps you guessing (Diagnosis 1), and yes, the Tecno and itel market is flooded with fakes (Diagnosis 2) — but both of those only hurt you because you never test a screen before fitting it and you carry all the loss when it fails. The root cause is a missing quality check, not just the wrong supplier.

**PREDICTION:** If this is correct, you will see that most failures happen within the first two weeks, and that you rarely run a screen fully before installing and handing the phone back.

**NEXT STEP:** Your priority should be to power-test and run each screen for 20–30 minutes before installing, while also settling on one or two suppliers so you can slowly learn which source survives that test.","Honestly, the advice made me stop and think. I always focused on blaming the Kampala suppliers, but they are right that even a good supplier will sometimes send me a bad screen — the real problem is I fit the screen straightaway and only find out it's fake when the customer comes back angry. That is where I lose money and my name gets spoiled around the market.

So the most important thing now is testing each screen before I install it. Starting this week I will power it up and run it maybe 20 or 30 minutes — check the touch, the colours, watch a video — before I ever fix it into someone's phone. If a screen is going to fail, better it fails on my bench than in the boda rider's pocket. Then once I trust one or two suppliers who pass that test, I can finally offer that small warranty without fearing it will ruin me.",160
P131,competing,7014,1323,"**CAUSE:** Your workers leave because staying pays the same as building their own salon. They win client loyalty but get no ownership, so leaving with those clients earns them more. **PREDICTION:** Your busiest girls with the most loyal clients are exactly the ones who leave, while slow workers stay for a fixed wage. **NEXT STEP:** Give your best girls a written share of what they bring in, so their income rises when they stay.

---

**CAUSE:** Your salon has no identity of its own — clients only know ""the girl who does my braids,"" not your name. The stylist is the brand, so when she leaves, the brand leaves too. **PREDICTION:** Customers book a specific girl by name and almost never refer friends to ""the salon"" itself. **NEXT STEP:** Build the salon's name into every visit — signage, consistent look, receipts, and an Instagram page under the salon's name.

---

**CAUSE:** Wandegeya is one of the most crowded salon areas, with cheap entry and fancy air-conditioned rivals always hiring. Your girls leave because the market hands them endless easy exits, not because of pay or branding. **PREDICTION:** Even girls you treated and paid well still left, and new salons keep opening nearby every few months. **NEXT STEP:** Escape the crowd by finding a niche or spot the fancy salons don't cover, off the saturated strip.","All three make sense to me, but the first two are talking about the same thing really - my girls leave because they own their clients but not the business. That is the heart of it. The third one about Wandegeya being crowded, yes it's true, but I don't want to leave this spot because Makerere students are my bread and butter - I can't chase them if I move off the strip.

So what I will do first is start the profit share with Sauda, my best braider, because she is the one I fear losing most. And at the same time I'll push the Instagram under ""Justine's"" name, put up a proper signboard, so even if one girl goes the salon still has its face. Fixing both together is what will save me.",135
P134,single,5537,1207,"**CAUSE:** Your money gets stuck because customers can take a finished wardrobe or bed after paying only a small deposit, so once the item is in their home they feel no pressure to pay the balance quickly. As you said yourself, they ""delay paying the balance for weeks or months"" — the deposit is too small to protect you, and the biggest leverage you have (the finished furniture) is being handed over before you are fully paid.

**PREDICTION:** If this is the real problem, you should see that the customers who delay longest are the ones who paid the smallest deposits, and that once someone has the furniture in their house they stop answering your calls about the balance.

**NEXT STEP:** Your priority should be changing your payment terms so no finished item leaves your workshop until the full balance is paid — collect the remaining money at the moment of delivery, and require a larger deposit (closer to half) before you buy timber and start.","The AI is right that my biggest problem is my money getting stuck in finished furniture. But I want to be honest — the part about not releasing the item until full payment, that is already how I try to work, the trouble is when a hotel or landlord orders three beds and only pays balance after they ""inspect,"" and by then weeks pass. The deposit issue is the real one; when someone pays me only 50,000 on a 400,000 wardrobe, I am financing them with my own money and my two boys still need paying every week.

So what I will do is two things. First, push for the bigger deposit but be smart — for repeat customers and hotels I trust, I can be flexible, but for a new person off the street, no big timber cutting until they show me serious money. Second, I like the ready-made idea, so when a customer delays I still have chairs and small tables I can sell for quick cash to keep the workshop moving.",174
P140,integrated,6500,1103,"**CAUSE:** All three readings point to one truth: you cannot manage what you cannot see. The trust problem and the money problem are real, but they hide behind the same fog — without your own record, you can't tell whether the rider is cheating you, whether the rough village routes simply don't pay, or both. The deepest cause is that you're guessing, so you can't fix the right thing.

**PREDICTION:** If this is correct, when you start tracking fuel bought against distance covered on the villages routes, you'll find either that his low reports line up with real thin-fare days (a route problem) — or that the numbers don't add up on his best days (a trust problem).

**NEXT STEP:** Your priority should be keeping a simple daily record for two weeks — fuel in, distance covered, fares reported — before touching the hire-purchase plan. That record tells you whether to retire this bike, change its routes, or bind the rider to it through ownership.","You know, this advice makes me stop and think. I have been so quick to blame the young man that I never sat down to write things properly — I was just going by what he tells me each evening. The most important problem is that I am guessing in the dark, so even my plan to switch him to fixed daily payment might be solving the wrong thing if the village routes themselves are just not paying.

So before I rush into hire-purchase, I will do what they say — buy a small notebook and track fuel and the distances for two weeks. If the numbers show he is cheating me, then fixed payment or buying him out makes sense; but if those Soroti village roads just don't bring fares, no arrangement will save that second bike and I might need to move it to town routes instead.",149
P143,competing,6036,1317,"**CAUSE:** Cheap mivumba secondhand clothes beat you on price and convenience for plain dresses and shirts. So you're stuck with low-paying repairs and uniforms that only come twice a year. **PREDICTION:** The orders you still get will mostly be things mivumba can't offer — weddings, fitted event wear, custom African-print outfits. **NEXT STEP:** Sew two or three sample African-print outfits, show them on WhatsApp status, and offer to resize secondhand clothes.

---

**CAUSE:** The demand for custom outfits exists, but customers can't find you among identical stalls. Only people walking past your row of tailors can hire you. **PREDICTION:** Almost every order comes from someone who passed by or was referred — never a stranger or someone outside Owino. **NEXT STEP:** Post finished-outfit photos daily on WhatsApp status, ask happy customers to share your number, and join market and church groups.

---

**CAUSE:** Your income rides on two uniform seasons a year plus low-paying repairs. You earn in bursts, then nothing, so the empty gaps hurt regardless of products or ads. **PREDICTION:** In busy uniform weeks you rush or turn away work, while quiet months leave your hands empty. **NEXT STEP:** Build steady between-season income through monthly repair contracts, bulk orders for churches or savings groups, or spreading uniform payments across the year.","Eh, when I read all three, the last one really touched me because that is my daily pain — it is not just about what to sew, it is about the empty months when my machines just sit there collecting dust. The first two are talking sense about the African-print outfits and WhatsApp, and yes, I will still do that, because mivumba cannot give a proper fitted gomesi or a wedding outfit. But even if I get event orders, weddings are not every week here in Owino, so I would still have quiet times between.

So the most important problem is that my income comes in bursts and then dies. What I would do next is chase those steady between-season arrangements — I already know two churches near here, and I can talk to the choir mistress about making all their choir uniforms, plus reach the savings groups (SACCOs) my friends belong to for bulk orders. That way I keep the machines running while I build the fancy African-print side slowly on WhatsApp, so I am not depending on only one thing to save me.",185
P011,single,8886,2126,"**CAUSE:** Your core problem is exactly what you named: the upfront cost blocks many customers. People want solar, but a good system costs 800,000 to 2 million shillings, and they cannot pay all at once. Your bigger competitors capture these customers because they offer pay-in-instalments through mobile money, while you lack the capital to hand over products and wait months for payment.

**PREDICTION:** If this is correct, you should see customers who are genuinely interested — they visit, ask questions, even agree on the system they want — but walk away when you ask for full payment upfront, and some later buy the same type of system from a company that lets them pay over time.

**NEXT STEP:** Your priority should be securing a way to spread out payments: push hard to get stock on credit from a supplier, or partner with a financing company so you handle sales and installation while they carry the payment risk. Start by approaching two or three suppliers this month to negotiate credit","Eh, the advice is correct — that upfront cost is really the thing killing me. I see it every week: someone comes, we talk, they even choose the lights and the panel they want, but when I say ""bring the money,"" they go quiet and next thing you hear they bought from Sun King or one of those big ones because you just pay small small on airtime. So yes, my biggest problem is I don't have the capital to give the product and wait for payment over months.

What I will do next is start with the suppliers, because that one is more in my reach than convincing a big financing company to trust a small operator like me. This week I plan to sit with two or three of my suppliers in town and see if they can give me stock on credit — even if I start with just the small home kits and prove I can move them and collect. If that works, I can offer my customers small instalments through mobile money myself, and slowly build up before I even think of partnering with a bigger financier.",192
P016,integrated,8301,1718,"**CAUSE:** All three point to the same shift: the phone in every young person's hand. But the deepest cause isn't that Word and Excel are free online, nor that fewer people walk in — it's that your certificate no longer promises what phones and free videos can't already give: a real job. People happily skip you now because paying you leads to the same jobless result as learning free. The content and foot-traffic problems are real, but they only bite because your paper stopped proving anything employers act on.

**PREDICTION:** If this is correct, you'll notice students asking ""will this get me hired?"" or ""is this recognized?"" before asking about the course itself, and your basic packages bleed students fastest while any job-linked skill holds.

**NEXT STEP:** Your priority should be to tie your training to real hiring — partner with local employers or offer a recognized, hard-to-self-teach certified skill so your paper buys something YouTube and a smartphone never will: a job","Honestly, this hit me hard because it's true. For years I thought people came here just to learn Word or to print documents, but the AI is right — what they really wanted was a certificate that leads to a job. Now that a paper from my center doesn't guarantee employment, the young ones just say ""let me watch YouTube for free,"" and I can't blame them.

So my most important problem is that my certificate has lost its meaning to employers. My next step is to start visiting some of these companies and even those graphic design firms and NGOs here in Kampala, and ask them what skills they actually hire for — then build my training around that, maybe even arrange that my best students get connected to them for placements. If I can make my paper actually open a door, then people will pay again, because YouTube cannot give you an employer's phone number.",157
P024,competing,3538,891,"**CAUSE:** Two outside forces you can't control eat your profits. Iron prices rise between quoting and agreement, and power outages stop your welding while you still pay workers. **PREDICTION:** Even on jobs done well and paid on time, your real profit came out lower than quoted because iron cost more or blackouts stretched the work over extra paid days. **NEXT STEP:** Put a one-week limit on every quote with a written buffer for iron rises, and price a small generator so blackouts stop costing full days of wages.

---

**CAUSE:** The real problem is that you quote loosely and let customers stall, which you control. You commit to a price before buying iron and leave quotes open with no deadline or deposit. **PREDICTION:** The jobs that hurt you are the ones where customers took days or weeks to say yes, while quick agreements stayed profitable. **NEXT STEP:** Make every quote expire in one week, include a price buffer, and require a deposit so you can buy the iron the moment they agree.

---

**CAUSE:** You have no loyal customers who value your quality enough to accept a higher price. Since word of mouth brings strangers who chase the cheaper man with thinner metal, every quote is a fresh price fight. **PREDICTION:** Almost none of your customers are repeat buyers, and when you ask for more money they treat you like any random fabricator. **NEXT STEP:** Build a name people seek out — photograph your rust-proof doors and gates, put your workshop name on every piece, and ask happy clients to refer you by quality.","The three of them each grabbed a different part of the truth, but for me the biggest bite out of my money is that iron price moving between when I quote and when the customer finally agrees. The first two both said put a one-week limit and a buffer on my quotes, and that one I can start doing tomorrow with just a paper and my stamp — no money needed. The deposit idea is also strong, because that way when someone agrees I rush and buy the iron the same day before it climbs again, instead of carrying the risk myself.

The generator I still want, but that is money I don't have lying around, so I'll fix the quotation and deposit habit first, watch how it helps, then save toward the welding generator. That third one about building a name I won't ignore either — starting now I'll put my workshop name on every gate and take photos, because in Jinja word of mouth is everything and a customer who trusts my quality won't fight me over a small price rise.",183
P033,single,7543,1783,"**CAUSE:** The heart of your problem is exactly what you said: ""young people already know how to use phones and think they know computers."" They confuse being comfortable swiping a phone with real office competence like formatting documents, building Excel formulas, or managing files. This is a perception gap — they don't sign up because they genuinely don't see what they're missing, not because the training lacks value.

**PREDICTION:** If this is correct, when you sit a confident young person in front of a computer and ask them to do a real office task — make a proper business letter, sort a spreadsheet, save it to a folder — most will struggle or freeze, even though they claim they ""already know computers.""

**NEXT STEP:** Your priority should be running free, short ""test your skills"" demonstrations where walk-ins attempt real office tasks and see for themselves what they cannot do. Once they feel the gap between phone use and office work, the value of your full course becomes obvious.","The AI hit the nail on the head about that perception gap - these young people think swiping a phone means they know computers, but sit them down and ask them to make a proper business letter or use an Excel formula and they get stuck. That's really my biggest problem: they don't see what they're missing, so they won't pay.

I like this idea of a free ""test your skills"" challenge. Let me be honest though, I have to be careful - if I give too much away for free at my center, some will just come use my machines and internet and never sign up. So I think I'll run it as a quick five-minute challenge, maybe even take it to the schools where the leavers are, and once they feel the shame of failing a simple task, I pitch my shorter Excel and job-skills courses right there. That way I'm turning their overconfidence into a reason to enroll.",161
P037,integrated,9363,1752,"**CAUSE:** All three readings point to the same core: you are personally financing the gap between paying suppliers upfront and collecting installments from customers. But the sharpest insight is that you treat every deal identically — funding a small household kit the same cash-upfront way as a big, profitable business installation. The real root cause isn't just a money shortage; it's that you never use your most valuable, confirmed business orders as leverage to fix the money gap.

**PREDICTION:** If this is correct, you'll see that the big business deals you lose are ones you tried to fund exactly like a small household sale — and no supplier has ever offered you better terms because you've never shown them a large, signed business contract on its own.

**NEXT STEP:** Your priority should be to take your next confirmed business installation and use that signed contract to negotiate a payment window with your supplier, plus require a customer deposit that covers the stock cost before you order.","The AI has a point that I've been treating all my deals the same way, which is true now that I think about it. When a shop owner or a farmer wants a big irrigation pump system, that's a serious contract with good margins, but I go begging for the same cash upfront like I'm buying one small lighting kit for a household. My biggest problem is really this working capital gap — I lose the good business deals because I can't fund the stock fast enough.

What I'll do next is when my next big business order comes, maybe that maize farmer in Budondo who wants cold storage, I'll take his signed agreement and a proper deposit and sit down with my supplier in Kampala to ask for even two or three weeks to pay. If I can show them a real contract, not just my word, maybe they'll listen. It's worth trying because the savings group route is too slow and I keep watching customers who are ready to buy walk away.",174
P046,competing,38683,7367,"**CAUSE:** Free tools like Canva and cheap Kampala freelancers have trained your clients to expect design for almost nothing. Against that, a monthly fee feels like overpaying. **PREDICTION:** Even clients who admit you grew their followers and sales will hesitate at the price and compare you to a cheap freelancer. **NEXT STEP:** Stop competing on price and sell your local Mbale presence, quick response, and reliability that a cheap freelancer can't match.

---

**CAUSE:** Clients pay for one flyer they can see and hold, but ""ongoing presence"" is invisible to them. You haven't shown them, in their own shillings, that monthly work earns more than it costs. **PREDICTION:** Clients who saw real sales growth — actual customers walking in, not just likes — will renew, while the rest drift away. **NEXT STEP:** Track how many new customers or extra sales your posts bring, and show that figure against your fee.

---

**CAUSE:** A small Mbale salon or shop serves mostly local walk-in customers who already know them. They bought one flyer because that's all their business actually needs; the monthly plan solves a problem they don't have. **PREDICTION:** Even clients who saw growth will stop, because more online activity doesn't change how many people walk through their door. **NEXT STEP:** Stop pushing subscriptions on tiny local shops and target the few clients who truly sell online or beyond Mbale.","Honestly, that third analysis stung a little but it also made the most sense to me. I've been pushing monthly plans on every salon and shop, but the truth is, a small salon in Mbale gets its customers from the neighborhood and word of mouth, not from Instagram — so my subscription is solving a problem they don't really feel. The other two aren't wrong about Canva and cheap Kampala freelancers, but even if I prove my value with numbers, a shop that only serves walk-ins won't see extra people coming through the door just because their page has more likes.

So my most important problem is that I've been chasing the wrong clients for ongoing work. What I'll do next is stop wasting energy convincing tiny local shops to subscribe, and instead find the ones who actually sell beyond Mbale — like people doing online orders, deliveries, or products they ship out — because those are the businesses where consistent management really turns into money. For the small local ones, I'll keep offering the one-off flyers and CVs they're happy to pay for, and just accept that's what fits them.",191
P058,single,17332,3138,"**CAUSE:** Your core problem is a power-infrastructure gap. You said it plainly: ""when there is no power I can't print, can't run the internet, can't do trainings, and customers just go to the next center that has a generator."" Your small UPS ""only holds a short time,"" and competitors already have generators — so during the whole-afternoon outages, you simply cannot serve people who came for printing, photocopy, or internet, and they leave.

**PREDICTION:** If this diagnosis is correct, you should see that on days with long power cuts your daily cash from printing and photocopy drops sharply, while on days with steady power your income is normal — and the customers you lose are the ones who ""don't return"" after you send them away.

**NEXT STEP:** Your priority should be closing the power gap with reliable backup. Get exact quotes for a solar system sized to run your printer, computers, and router through an afternoon, and compare its monthly cost to what you l","The advice is correct — power is really what is killing my business. When the light goes off in the afternoon, the passport applications and CV typing just stop, and those customers walk straight to the center with a generator down the road, and most never come back. So the most important thing now is getting reliable backup that doesn't eat my profit like fuel does.

What I will do next is go to the solar dealers here in Mbale and get proper quotes for a system that can run at least my two computers, the router, and the printer for one full afternoon. I need to know the real numbers first — how much it costs and exactly what it can carry — before I keep saving blindly, because right now I am guessing. If the monthly cost of solar is less than what I lose from customers running away, then it is worth borrowing to buy it sooner rather than later.",163
P062,integrated,11251,2619,"**CAUSE:** All three readings point to trust, but the deepest root is this: your market has learned that ""solar"" itself fails, because the cheap kits dying after months taught everyone that all solar is a scam. Cash matters (Diagnosis 1) and your personal warranty falls flat (Diagnosis 2), but both only bite *because* people no longer believe any solar lasts — so no installment plan or promise lands until they see solar actually working over time. The category is poisoned, and you're paying the price for other sellers' junk.

**PREDICTION:** If this is correct, you should see people rejecting solar altogether — saying ""solar doesn't last"" or ""it's a waste"" — rather than haggling your price against a cheaper seller's.

**NEXT STEP:** Your priority should be creating visible, lasting proof in the community — set up a few demonstration systems in trusted, high-traffic spots (a shop, a clinic,","You know, the part about the category being poisoned really hit me. I always thought I was just competing on price against the cheap sellers, but now I see it differently — when those fake batteries die, people don't just blame that seller, they blame all of us, even my proper Victron and quality panels. So the real fight is proving that solar itself can last, not just that my price is fair.

What I want to do next is put a strong demonstration system somewhere everyone passes — maybe at a busy shop in one of the trading centres, or a clinic that people trust — and let it run for a year or two so folks can see with their own eyes that good solar keeps working. Talk is cheap, like I said, but a system that has been lighting a shop for two years without dying, that speaks louder than any warranty paper I hand out.",159
P072,competing,5861,1242,"**CAUSE:** A website is a finished asset — once you build it, the client owns something that keeps working without you. For a simple shop site, they're partly right that it needs little upkeep. Your one-time work leaves no ongoing job. **PREDICTION:** Even happy clients who trusted you won't renew, because their site runs fine for months. **NEXT STEP:** Redesign your offer around work that must happen monthly — posting content, running ads, adding products, updating prices.

---

**CAUSE:** Clients drop the fee because you say ""maintenance matters"" but never prove it. You argue with words instead of showing numbers — visitors, messages, sales from your posts. Without visible proof, the monthly fee feels like paying for nothing. **PREDICTION:** Clients who cancel never asked for a report, and you never sent one. **NEXT STEP:** Send every client a simple monthly report showing real results — page views, new followers, inquiries, orders.

---

**CAUSE:** Your clients are small shops, restaurants, and startups who learn free tools themselves and treat digital work as a one-time cost. A small kiosk can't spare money every month or see online presence as vital. **PREDICTION:** Even happy clients who understood your value still cancel, because the monthly fee strains their thin margins. **NEXT STEP:** Target bigger clients — established SMEs, NGOs, schools, or hotels — who have budgets and expect recurring support.","All three make sense in different ways, but the one that hit me hardest was the second one about proof. It's true — I keep telling clients ""you need to maintain the page"" but I never actually show them what they're getting for their money. If I sent a simple report showing ""this month your page got 400 views and 12 people messaged asking about your food,"" a restaurant owner in Wandegeya would think twice before cancelling.

The bigger clients idea is smart too, but honestly I can't just abandon my small shop clients today — that's who knows me and refers me. So my next step is to start sending monthly reports to the few clients I still manage, prove the value with real numbers, and then use those results to slowly move toward established SMEs and hotels who can actually afford to keep paying.",146
P074,single,6235,1451,"**CAUSE:** Your real problem is that you cannot buy metal when it is cheap. You said yourself, ""I try to buy metal in bulk when prices are low but I don't have much storage or capital to stockpile, so mostly I buy per job."" Because you buy per-job, you are always exposed to whatever price the market has climbed to by the time the deposit arrives — the quoting and customer delays only hurt you because you have no stock to fall back on.

**PREDICTION:** If this is correct, you should see that on the rare jobs where you already had tubing or sheets in the workshop, you finished at your quoted price and made your normal profit — the losses only happen when you must buy fresh metal after quoting.

**NEXT STEP:** Your priority should be building a small metal stockpile — start by saving or borrowing enough to buy your most-used tubing and sheet sizes in bulk when prices dip, and clear even a small dry cor","The advice makes sense in one way — yes, when I have metal already in the shop, I finish at my price and my profit is fine. That part is true, I have seen it myself. But telling me to build a stockpile is easy to say when you don't know my situation — where do I get the capital to buy tubing in bulk? Most of my money is tied up in the jobs I am running, and I don't have a big enough space to store much metal safely anyway.

So the real problem for me is not just the price jumping, it is that I have no cushion — no capital and no space to protect myself. What I would do next is start small: maybe pick just the two or three most common sizes I use every week, and try to keep a little extra of those when the price is good. That way I am not chasing the whole market, just covering my most frequent jobs while I slowly build up.",176
P081,integrated,9885,1568,"**CAUSE:** All three point at the same knot from different sides: your cash is locked up (Diagnosis 1) because customers have no reason to hurry once everything works (Diagnosis 2), and they treat you like any other seller so payment terms are your only way to win (Diagnosis 3). The deepest cause is leverage — you hand over the complete, working system before you're paid, so you carry all the risk. Chasing a loan only lets you float customers with borrowed money; it doesn't fix why they delay. The trust problem is real but slower to build, while the handover mistake is fixable this week.

**PREDICTION:** If this is correct, you'll see that delays come almost entirely from customers whose systems are already fully connected and running — not from people still waiting on parts.

**NEXT STEP:** Your priority should be keeping one essential piece — the battery connection — in your hands until the final payment lands, so nothing fully works until you're","Eh, this thing about leverage, it hit me somewhere I did not expect. The way I see it now, the real problem is that once I connect everything and the shop owner is watching his TV comfortably, my balance is no longer his headache — it is now my headache alone. I have been thinking the solution is just finding money, like a SACCO or supplier credit, but that AI is right, borrowing only means I am delaying customers with someone else's money and still carrying all the risk.

So what I would do is try this battery idea. When somebody pays deposit, I install the panels and the lights, but I keep the battery on a kind of arrangement — maybe I set it so the full backup only activates when the balance is cleared. That way they still see value, but they have a reason to finish paying me quickly. Let me test it with the next two or three customers around Naalya and see if the delays reduce before I go running to any SACCO.",178
P091,competing,3478,833,"**CAUSE:** The printing and internet work that once brought daily cash is dying because everyone now uses their own smartphone. This is a permanent shift, not a temporary dip. **PREDICTION:** Even when you advertise or lower prices, walk-in numbers will keep falling year after year. **NEXT STEP:** Shrink those costs now — downgrade your internet subscription and reduce space tied to walk-ins so your fixed bills match the smaller demand.

---

**CAUSE:** Training is your biggest earner and people still want it, but fees arrive in lumps at intake while rent and internet bleed out steadily every day. The problem is timing, not demand. **PREDICTION:** You will feel flush during an active intake, then panic two or three weeks after it ends. **NEXT STEP:** Smooth the cash flow — collect training fees in weekly installments and stagger intakes so a new group starts before the last ends.

---

**CAUSE:** You offer the exact same computer basics, printing, and typing as every other cafe in Mbarara. Nothing gives customers a reason to choose you over a cheaper rival or their own phone. **PREDICTION:** Customers will pick by price or nearness, never asking for you by name or recommending you. **NEXT STEP:** Build one thing rivals and phones can't copy — a guaranteed job-ready certificate, employer connections, or hands-on help until students succeed.","All three make sense in their own way, but the one that hit me hardest is the timing problem with my training fees. That is exactly my life — during an intake I feel rich, then three weeks after it ends I'm sweating over rent and that internet bill that never sleeps. So my first move is to stagger my intakes so a new group starts before the old one finishes, and let students pay weekly instead of one big lump, because many of them fail to raise it all at once anyway.

At the same time I won't ignore the printing side dying — I'll cut down to a smaller internet package that matches how few walk-ins I get now, so I stop paying for capacity nobody uses. And honestly, adding graphic design and social media marketing is still smart, because that's the kind of thing a phone can't teach you, and it gives students a reason to come to Andrew specifically and not just any cafe.",168
P093,single,5050,1102,"**CAUSE:** Your problem is how you build your quotes, not the market. You told me that ""by the time I'm halfway, the materials cost more than what I budgeted"" — this means you are quoting at today's exact prices with no cushion for the rise you already know is coming. Cement, tiles, and iron bars going up mid-project is a predictable pattern, yet your quote assumes prices will stay frozen, so you are underpricing every job from the start.

**PREDICTION:** If this is correct, you should see that the size of your loss roughly matches how long the job takes — longer projects, where prices move more, end up hurting you the most, while quick jobs finish close to your quote.

**NEXT STEP:** Your priority should be to add a fixed buffer to every quote — for example, price your materials at 10–15% above today's cost — so the expected rise is already inside the price the client agrees to, instead of hoping prices hold or fighting clients","Eh, this advice makes me think differently, I must say. That part about the longer jobs hurting me more — that one is true! When I look back, my quick tiling jobs, one week finish, I make money. But the big house finishing that takes three, four months, that is where I bleed. So maybe it is not that the market is impossible, it is that I am giving today's price for a job that runs for months.

So the most important thing now is I must fix how I quote — put that buffer inside so the client already agreed the price without arguing. The clause about sharing the difference, honestly clients hate it and I lose the job to another fundi who just quotes low. But if I quietly build in maybe 12 percent on cement and iron bars, especially for the long projects, the client sees one price and we are fine. Let me start doing this on my next quote and see if I finish with something in my pocket.",174
P108,integrated,4331,975,"**CAUSE:** All three readings hold a piece of the truth, but they sit at different depths. Yes, you can't serve two counters at once — but hiring help only matters if customers are still coming, and you told us they're fading: young people with smartphones ""think they don't need to learn computers,"" and the cafes are ""dying"" too. The real root cause is that both services are built on shrinking demand, so juggling or even picking one won't save a market the phone is quietly replacing.

**PREDICTION:** If this is correct, you'll see new customer numbers keep falling month by month no matter which side you focus on — even a well-staffed counter serves fewer faces than last year.

**NEXT STEP:** Your priority should be spending two weeks asking your current students and print customers what they now pay others for on their phones — then shift your teaching toward those exact skills (smartphone-based work, online tasks) instead of defending a fading computer market.","The AI makes a point that stings a bit but I have to be honest with myself — yes, the smartphone thing is real. Some of my young customers do come in only for the certificate, not because they truly value the skills, and I've watched two cafes near the market close this year. But I don't fully agree that the demand is dead; the NGO workers still need proper reports typed and printed, and employers here still ask for certificates before they hire, so the paper still matters in Lira.

Still, I think the most important problem is that I've been so busy running between the two counters that I never stopped to check where my customers are actually heading. So before I even train my former student for the printing, I'll spend these two weeks just talking to the people who walk in — asking what they now do on their phones and what they'd still pay me to teach. If data entry and online work is where the money is going, I'd rather build my classes around that than keep defending a market the phone is slowly eating.",191
P116,competing,4675,1057,"**CAUSE:** Your rural families, small farmers, and shops lack cash on hand. They pick the cheap fakes because they can't pay a big lump sum today, not because they doubt you. **PREDICTION:** Customers will admit yours is better but ask to ""pay bit by bit,"" then say yes when you offer installments. **NEXT STEP:** Build proper installment and pay-as-you-go plans tied to the money they save on kerosene, charging, or diesel.

---

**CAUSE:** At the moment of buying, your customer sees two nearly identical panels and can't tell yours lasts. Your promise sounds exactly like the fake seller's promise. **PREDICTION:** Customers will nod as you explain quality, then say ""they all say that."" **NEXT STEP:** Give them proof they can check themselves — visit a years-old system you installed, show the genuine serial number, and hand them a written warranty.

---

**CAUSE:** People got burned by fakes and now distrust solar itself, not just your price. The whole category is poisoned, so they refuse to pay more for a promise they've seen broken. **PREDICTION:** You'll hear ""solar doesn't work here"" or ""they all die anyway,"" not ""yours is too expensive."" **NEXT STEP:** Rebuild belief in solar by taking doubters to see families whose systems you installed years ago still running.","All three make sense, but honestly the first one hits closest to what I hear every day in the market. My customers don't tell me ""your solar is bad"" — they say ""Moses, I don't have that much money now, the other shop is cheaper."" So the real problem is cash, they can't put down a big lump sum even when they know mine is better. That's why I'm pushing hard on the installment idea, but I like the twist of tying the payments to what they save — a farmer spending on diesel for his pump can pay me from that same money he stops wasting.

The trust part I won't ignore though, because after buying fakes some do curse all solar. So my next step is to fix the payment plans properly, and at the same time keep taking doubters to see the systems I installed three, four years ago that are still running strong. When they see it working with their own eyes and can pay small-small, then I win.",173
P118,single,5396,1215,"**CAUSE:** Your core problem is the physical loss of grid electricity. As you said clearly, ""my welding and cutting all need electricity, so when power goes I sit idle with workers I'm still paying."" The load shedding is ""unpredictable"" and lasts ""hours,"" directly stopping your machines and causing you to ""miss delivery deadlines."" Your generator solves the power gap but ""the fuel cost eats my profit"" — so the root issue remains an unreliable, expensive power source, not your customers or pricing.

**PREDICTION:** If this diagnosis is correct, you should see that on days when power stays stable, you meet deadlines and jobs stay profitable — and delays only happen on the exact days and hours when the grid is cut off.

**NEXT STEP:** Your priority should be securing cheaper, more reliable power. Track the exact load-shedding hours for two weeks, then compare the real fuel cost of a b","Yes, the power is truly my biggest headache, that part they got right — when UMEME cuts us, everything stops and I'm still paying my three boys to sit there. But I'll tell you something the advice didn't fully catch: the real pain is not just losing power, it's that my customers judge me as unreliable when I miss a deadline, and in this business referrals are everything. So the next thing I will do is start writing down exactly when the power goes off each day, like they suggest, because right now I'm just guessing. Once I have those numbers for two weeks, I can decide honestly whether a bigger generator pays back or whether I should even talk to my customers upfront about power delays so they trust me instead of thinking I'm lazy.",136
P132,integrated,2855,652,"**CAUSE:** All three point to the same moment — students leave when the balance falls due — but disagree on why. The deepest cause is that your students genuinely can't pay the full 150,000 at once, and they only keep paying if what remains feels worth stretching for. Right now it isn't: the early lessons cover skills they can chase on YouTube, and the certificate at the end carries little weight with Gulu employers. So when money gets tight, walking away costs them nothing.

**PREDICTION:** If this is correct, you'll see students vanish right when their balance is due, promising to ""come back with the money,"" while those who do leave still get hired without your certificate.

**NEXT STEP:** Your priority should be to move the hard-to-Google content and certificate value to the front — visit two or three NGOs to get your certificate recognized, then tie the final payment to that recognized certificate, so finishing becomes the only way to get something they truly need.","The part that hit me hardest is what they said about my certificate carrying little weight with employers here in Gulu. That is true — students finish and nobody at the NGOs or offices really asks about my paper, so why should they stretch to pay the balance for something worthless? So my real problem is not just collecting money, it is that the value of what I sell is loaded at the end but the end is not worth much.

What I will do first is go and sit with two or three NGOs I know — maybe World Vision and one of the local ones — and ask what skills they actually want their staff to have, and whether they will recognize a certificate that proves it. If I can get even one letter saying ""we accept Emmanuel's certificate,"" then finishing my course means something real, and I can tie that final payment to it. That way the students chase the certificate instead of running away from the balance.",171
P138,competing,3391,803,"**CAUSE:** Customers cannot see the quality difference before something breaks, since the panels ""look the same"" on the surface. So price becomes the only thing they compare, and they pick the cheap fake. **PREDICTION:** People who have suffered a failed cheap system will return and stop arguing about your price. **NEXT STEP:** Make quality visible before purchase with a written warranty, component brand names shown beside the fakes, and referrals to customers whose systems still work.

---

**CAUSE:** Your buyers are households and small shops with limited cash. A full system costs 1.5 to 3 million shillings upfront, out of reach regardless of quality, so they grab the only thing they can pay for today. **PREDICTION:** Customers will admit yours is better but say they ""cannot afford it now,"" then perk up when you mention paying over time. **NEXT STEP:** Build a working mobile-money installment plan with small regular payments over months.

---

**CAUSE:** Fake products that ""fail in a year"" have poisoned the whole solar category around Kampala. When neighbors watch systems die, they conclude solar itself is a scam and distrust all sellers, including you. **PREDICTION:** People will reject solar entirely, saying ""solar doesn't work here,"" rather than comparing sellers or payment terms. **NEXT STEP:** Organize with other genuine installers to create a shared, visible trust mark customers learn to recognize.","All three make sense, but honestly the one about the cash is the one I feel every day in the field. When I quote someone 2 million shillings, they don't even argue about quality first — they just say ""James, I don't have that money now,"" and go buy the 300k fake because it's what fits their pocket today. So I think my most urgent move is to get the mobile money installment plan working properly, small payments over months, because that's what turns a ""no"" into a ""maybe.""

But I won't ignore the trust problem — that idea of us genuine installers making a shared mark customers can recognize is smart, though that's a slower thing I'll build with other installers over time. For now, if I can let a poultry farmer pay in bits and show him my warranty on paper, I think I win both the sale and his trust.",153
P146,single,4312,974,"**CAUSE:** Your core problem is where the machines come from, not how you handle them afterward. You told me the laptops are ""imported from abroad"" through the same import sources every dealer in your building uses, and they ""arrive with hidden faults like bad batteries or failing hard drives."" When cheap stock from low-quality channels is already broken before it reaches you, no amount of testing at your end fully fixes what the pipeline delivers.

**PREDICTION:** If this is correct, you should see the same types of faults — batteries and hard drives — coming back again and again, and you'll notice these failures cluster around particular shipments or particular suppliers, not spread evenly across everything you sell.

**NEXT STEP:** Your priority should be finding a more reliable importer, even at higher cost, and tracking which supplier each returned laptop came from. Start recording every failure by shipment so you can prove which source is feeding you bad stock and cut them","Eh, this advice makes me think harder about where I'm buying from. You know, I never wrote down which container or which supplier a bad laptop came from — when a customer returns a machine with a dead battery, I just fix it or refund and move on, angry with myself. But now I'm realizing that if I actually kept a small book recording every return by the shipment it came from, I could see the pattern — maybe it's that one dealer near Nakivubo who always gives me the ""good price,"" but his stock is the one always failing.

So my next step is simple and doesn't tie up my money like keeping laptops for days: I start tracking. For the next few shipments I write down every fault and where it came from, and after two or three months I'll know clearly who to drop even if their price is sweeter. The problem was never really my testing — it's that I've been buying blind and blaming myself for faults that came from a bad pipeline.",178
P150,integrated,5975,1137,"**CAUSE:** Three readings compete here — broken infrastructure, zero-slack customers, or a shrinking need for your shop — and they are not equally deep. Outages and tight deadlines are real, but they only *hurt so much* because your income leans on services (browsing, simple forms) that smartphones and identical rivals are quietly taking away. The deeper cause is that your shop has nothing customers can't get elsewhere, so any hiccup — a power cut, a ten-minute wait — sends them off with no reason to return.

**PREDICTION:** If this is correct, you'll see that even in months with stable power and network, your browsing and simple form-filling income keeps drifting down, while your deadline and complex-application customers are the ones who still come back.

**NEXT STEP:** Your priority should be turning yourself into the person people trust for hard, high-stakes work — guaranteed-correct government submissions and complex applications — then","The AI has made me think differently, I will admit. At first I was sure my only problem was the power and network, but now I see the browsing side of my work is slowly dying because everybody has a smartphone now. The photocopying and simple form-filling anybody can do, even the shop across from me, so when I fail once the customer just walks.

What still brings people to me is the difficult work — the government submissions, the job applications where one mistake spoils everything. So I think my next step is to become known as the man in Lira who gets those hard applications correct, and maybe I buy the solar backup only after that, so those serious customers never find me stuck. That way I am not just competing on cheap copies, I am selling trust.",140
